DOI,Title,traits_score,networks_score,functions_score,evolution_score,hierarchy_score,auto_primary,auto_hyper,traits_terms,networks_terms,functions_terms,evolution_terms,hierarchy_terms
10.1186/s12862-018-1342-7,Morphological evolution and modularity of the caecilian skull,6,0,0,4,0,traits,,morpholog; morphometric; covariation; covariance; skull; crani,,,evolution; phylogen; development; million years|\bmy\b,
10.1186/s12983-018-0258-9,Shape variation and modularity of skull and teeth in domesticated horses and wild equids,14,1,0,4,0,traits,,traits?\b; phenotypic (integration|variation|trait); morpholog; morphometric; shape (variation|evolution|diversity); (morphological|phenotypic) integration; covariation; co-?var(y|ies|ying); disparity; skull; crani; skelet; teeth|dental; anatomical,intermodule|between-module,,evolution; selection; development; domestication,
10.1111/ede.12218,"Unravelling intravertebral integration, modularity and disparity in Felidae (Mammalia)",10,0,0,3,0,traits,,traits?\b; morpholog; morphometric; geometric morphometric; (morphological|phenotypic) integration; covariance; co-?var(y|ies|ying); disparity; vertebra; anatomical,,,evolution; selection; development,
10.1186/s12862-017-0993-0,"Phylogenetic conservatism in skulls and evolutionary lability in limbs – morphological evolution across an ancient frog radiation is shaped by diet, locomotion and burrowing",9,0,0,5,0,traits,,morpholog; evolutionary rates?; skull; crani; skelet; limbs?\b; anatomical; phylogenetic comparative; taxa\b,,,evolution; evolv; phylogen; lineages?\b; radiation,
10.1111/1365-2435.12971,Ontogenetic changes in the phenotypic integration and modularity of leaf functional traits,7,1,1,3,0,traits,,traits?\b; phenotypic (integration|variation|trait); morpholog; (morphological|phenotypic) integration; covariation; covariance; co-?var(y|ies|ying),intermodule|between-module,(gene )?expression,selection; ontogen; development,
10.1111/geb.12996,Robustness of trait connections across environmental gradients and growth forms,2,2,0,1,0,traits,,traits?\b; taxa\b,networks?\b; connectivity,,evolution,
10.1111/evo.13867,"Comparing the strength of modular signal, and evaluating alternative modular hypotheses, using covariance ratio effect sizes with morphometric data",7,0,0,2,1,traits,,traits?\b; morpholog; morphometric; covariation; covariance; mandib; taxa\b,,,evolution; development,levels? of (biological )?organi[sz]ation
10.1093/molbev/msab307,Modular Evolution of the Drosophila Metabolome,3,0,3,7,0,traits,,traits?\b; co-?var(y|ies|ying); variational modul,,pathways?\b; compos(e|able|ition|ing); building blocks?,evolution; evolv; phylogen; lineages?\b; selection; trajector; million years|\bmy\b,
10.1146/annurev-ecolsys-121415-032409,"Modularity: genes, development and evolution.",1,0,0,2,1,traits,,morpholog,,,evolution; development,levels? of (biological )?organi[sz]ation
10.1038/nature22366,Architecture of the human interactome defines protein communities and disease networks,0,5,2,1,0,networks,,,networks?\b; protein communities; interaction network; interactome; markov clustering,pathways?\b; signal(l)?ing,evolution,
10.1126/science.aaf1420,A global genetic interaction network maps a wiring diagram of cellular function,0,7,2,0,2,networks,,,networks?\b; densely (inter)?connected; hubs?\b; interaction network; genetic interaction; topolog; wiring diagram,pathways?\b; protein complex,,hierarch; nested
10.1038/ng941,Revealing modular organization in the yeast transcriptional network,0,1,3,0,0,functions,,,networks?\b,context[- ]dependen; transcription; (gene )?expression,,
10.1073/pnas.1510619112,The modular and integrative functional architecture of the human brain,0,5,1,0,0,networks,,,networks?\b; nodes?\b; connector; connectivity; intermodule|between-module,\bload\b,,
10.1038/ncomms12031,Modularity and stability in ecological communities,0,3,1,0,0,networks,,,networks?\b; densely (inter)?connected; intermodule|between-module,compos(e|able|ition|ing),,
10.1111/geb.12270,Macroecological trends in nestedness and modularity of seed-dispersal networks: human impact matters,0,3,0,0,1,networks,,,networks?\b; interaction network; nestedness,,,nested
10.1016/j.soilbio.2018.07.022,Wheat rhizosphere harbors a less complex and more stable microbial co-occurrence pattern than bulk soil,0,8,0,0,0,networks,,,networks?\b; nodes?\b; edges?\b; power-law; co-?occurrence network; connectivity; topolog; keystone,,,
10.1111/tpj.13502,Phylogenomic analysis of gene co‐expression networks reveals the evolution of functional modules,1,2,3,4,0,functions,,traits?\b,networks?\b; co-?expression network,pathways?\b; compos(e|able|ition|ing); (gene )?expression,evolution; phylogen; speciation; duplication,
10.1098/rspb.2012.2863,The Evolutionary Origins of Modularity,0,3,0,3,0,networks,,,networks?\b; nodes?\b; subnetwork,,evolution; evolv; selection,
10.1038/s41588-021-00840-z,A genome-wide atlas of co-essential modules assigns function to uncharacterized genes,0,0,4,0,0,functions,,,,pathways?\b; enzym; protein complex; co-?essential,,
10.1073/pnas.0237338100,Modular organization of cellular networks,0,6,2,1,0,networks,,,networks?\b; subnetwork; densely (inter)?connected; connector; interaction network; intermodule|between-module,protein complex; signal(l)?ing,development,
10.1038/msb4100204,Modular Cell Biology: Retroactivity and Insulation,0,1,11,0,0,functions,,,networks?\b,inputs?\b; outputs?\b; input[- ]output; reactions?\b; (gene|genetic|synthetic) circuits?; circuits?\b; devices?\b; insulat; retroactivity; transcription; feedback,,
10.1101/091306,Resource Competition Shapes the Response of Genetic Circuits,0,0,10,0,0,functions,,,,(gene|genetic|synthetic) circuits?; circuits?\b; cassettes?; context[- ]dependen; resource (competition|demand); ribosom; compos(e|able|ition|ing); transcription; translation; (gene )?expression,,
10.1038/nbt.3044,A Load Driver Device for Engineering Modularity in Biological Networks,0,1,12,0,0,functions,,,networks?\b,inputs?\b; outputs?\b; input[- ]output; (gene|genetic|synthetic) circuits?; circuits?\b; devices?\b; insulat; retroactivity; \bload\b; compos(e|able|ition|ing); building blocks?; transcription,,
10.1093/femsle/fnx176,Carboxysomes: metabolic modules for CO2 fixation.,0,1,6,0,0,functions,,,protein[- ]protein interaction,enzym; catalytic; reactions?\b; plug-and-play; building blocks?; microcompartment,,
10.1098/rstb.2005.1807,The Origins and Evolution of Functional Modules: Lessons from Protein Complexes,0,2,2,3,0,networks,,,networks?\b; interaction network,protein complex; transcription,evolution; evolv; duplication,
10.15252/msb.20177554,An immediate–late gene expression module decodes ERK signal duration,0,2,7,0,0,functions,,,networks?\b; topolog,outputs?\b; pathways?\b; devices?\b; transcription; (gene )?expression; signal(l)?ing; decod,,
10.1126/science.ade9434,Combinatorial assembly and design of enzymes,0,0,3,0,0,functions,,,,enzym; catalytic; combinatorial,,
10.15252/msb.20167347,A spectrum of modularity in multi‐functional gene circuits,0,1,2,0,0,functions,,,topolog,(gene|genetic|synthetic) circuits?; circuits?\b,,
10.1016/j.cell.2017.08.032,Transcriptional Architecture of Synaptic Communication Delineates GABAergic Neuron Identity,1,1,8,0,1,functions,,anatomical,connectivity,inputs?\b; outputs?\b; input[- ]output; circuits?\b; transcription; (gene )?expression; signal(l)?ing; combinatorial,,multi-?layer
10.1371/journal.pcbi.1004055,Evolution of Bow-Tie Architectures in Biology,0,1,2,1,0,functions,,,networks?\b,inputs?\b; outputs?\b,evolution,
