DOI,Title,Primary axis,Secondary axis,Hyper module,Evolutionary trajectory,Hierarchy,Keyword primary,Keyword agrees,T score,N score,F score,Rationale
10.1186/s12862-018-1342-7,Morphological evolution and modularity of the caecilian skull,traits,,,Y,,traits,Y,6,0,0,Cranial modules = 16 landmark-defined skull regions whose shape covaries across 32 genera; evolutionary rate per module (cheek module fastest).
10.1186/s12983-018-0258-9,Shape variation and modularity of skull and teeth in domesticated horses and wild equids,traits,,,Y,,traits,Y,14,1,0,Six cranial developmental modules from geometric morphometrics; integration compared between domesticated and wild equids.
10.1111/ede.12218,"Unravelling intravertebral integration, modularity and disparity in Felidae (Mammalia)",traits,,,Y,,traits,Y,10,0,0,Intravertebral trait modules from covariance of vertebral landmarks across felids; integration vs. disparity along the column (direct analogue of the backbone example).
10.1186/s12862-017-0993-0,"Phylogenetic conservatism in skulls and evolutionary lability in limbs – morphological evolution across an ancient frog radiation is shaped by diet, locomotion and burrowing",traits,,,Y,,traits,Y,9,0,0,Skull vs. limb modules with different evolutionary rates/conservatism across a frog radiation.
10.1111/1365-2435.12971,Ontogenetic changes in the phenotypic integration and modularity of leaf functional traits,traits,networks,Y,Y,,traits,Y,7,1,1,Leaf traits form defence and economy modules in juveniles; trait correlation 'interconnectivity' rises in adults. Ontogeny is the trajectory.
10.1111/geb.12996,Robustness of trait connections across environmental gradients and growth forms,traits,networks,Y,,,traits,Y,2,2,0,Hyper module: plant traits are the nodes of a probabilistic graphical model; modules are clusters of directly connected traits across 16k records.
10.1111/evo.13867,"Comparing the strength of modular signal, and evaluating alternative modular hypotheses, using covariance ratio effect sizes with morphometric data",traits,,,,Y,traits,Y,7,0,0,Methods paper: covariance-ratio effect size to compare modular hypotheses in morphometric trait data (rodent mandibles); covers levels of organization.
10.1093/molbev/msab307,Modular Evolution of the Drosophila Metabolome,traits,functions,Y,Y,,traits,Y,3,0,3,Hyper module: metabolite levels are traits that coevolve across 11 Drosophila species; modules are enriched for biochemical pathways (functions) and linked to lifespan.
10.1146/annurev-ecolsys-121415-032409,"Modularity: genes, development and evolution.",traits,functions,Y,Y,Y,traits,Y,1,0,0,"Review of variational (trait) modularity in quantitative genetics, linked to developmental genetics and the adaptive landscape across levels of organization."
10.1038/nature22366,Architecture of the human interactome defines protein communities and disease networks,networks,functions,Y,,Y,networks,Y,0,5,2,"BioPlex 2.0 AP-MS interactome; Markov clustering gives >1,300 protein communities that map to complexes and pathways."
10.1126/science.aaf1420,A global genetic interaction network maps a wiring diagram of cellular function,networks,functions,Y,,Y,networks,Y,0,7,2,Global yeast genetic interaction network; profile similarity yields a hierarchy from complexes to pathways to bioprocesses.
10.1038/ng941,Revealing modular organization in the yeast transcriptional network,networks,functions,Y,,,functions,N,0,1,3,"Module networks: TF-to-gene regulatory network; modules are overlapping, condition-specific gene sets under shared regulators (regulatory programs)."
10.1073/pnas.1510619112,The modular and integrative functional architecture of the human brain,networks,functions,Y,,,networks,Y,0,5,1,"Hyper module: rs-fMRI brain network modules, each mapping to a discrete cognitive function; connector hubs between modules."
10.1038/ncomms12031,Modularity and stability in ecological communities,networks,,,,,networks,Y,0,3,1,Species-interaction networks; modular vs. anti-modular community matrices and local stability (random matrix theory).
10.1111/geb.12270,Macroecological trends in nestedness and modularity of seed-dispersal networks: human impact matters,networks,traits,Y,,,networks,Y,0,3,0,"Bipartite plant-disperser networks; modularity/nestedness related to latitude, climate and human impact. Species are the elements, as in the microbial community example."
10.1016/j.soilbio.2018.07.022,Wheat rhizosphere harbors a less complex and more stable microbial co-occurrence pattern than bulk soil,networks,traits,Y,,,networks,Y,0,8,0,"Microbial co-occurrence networks (nodes = taxa); modules, keystone taxa and topology compared between rhizosphere and bulk soil."
10.1111/tpj.13502,Phylogenomic analysis of gene co‐expression networks reveals the evolution of functional modules,networks,functions,Y,Y,,functions,N,1,2,3,Hyper module: plant co-expression network modules dated by phylostratigraphy; duplication/speciation of functional (cell wall) modules.
10.1098/rspb.2012.2863,The Evolutionary Origins of Modularity,networks,functions,Y,Y,,networks,Y,0,3,0,Simulated evolution of networks under connection cost; modularity Q emerges. Networks + evolutionary trajectory.
10.1038/s41588-021-00840-z,A genome-wide atlas of co-essential modules assigns function to uncharacterized genes,networks,functions,Y,,,functions,N,0,0,4,Co-essentiality (CRISPR fitness profile) gene network; modules are pathways/complexes used to assign gene function. Same design as the note's knockout-network example.
10.1073/pnas.0237338100,Modular organization of cellular networks,networks,,,,,networks,Y,0,6,2,Clusters protein interaction networks into modules; identifies module-organizer and module-connector proteins.
10.1038/msb4100204,Modular Cell Biology: Retroactivity and Insulation,functions,,,,,functions,Y,0,1,11,"Transcriptional components with input/output; retroactivity (loading) breaks modularity, and insulation restores it."
10.1101/091306,Resource Competition Shapes the Response of Genetic Circuits,functions,,,,,functions,Y,0,0,10,Gene cassettes composed into circuits; shared transcriptional/translational resources couple modules (same theme as the ribosome-demand example).
10.1038/nbt.3044,A Load Driver Device for Engineering Modularity in Biological Networks,functions,,,,,functions,Y,0,1,12,"Load driver device insulates upstream gene module from downstream load (timescale separation), restoring input/output behaviour."
10.1093/femsle/fnx176,Carboxysomes: metabolic modules for CO2 fixation.,functions,,,,Y,functions,Y,0,1,6,Carboxysome as a CO2-fixation function module; protein-domain building blocks organized in genetic loci (nested objects); plug-and-play engineering.
10.1098/rstb.2005.1807,The Origins and Evolution of Functional Modules: Lessons from Protein Complexes,functions,networks,Y,Y,,networks,N,0,2,2,Protein complexes as functional modules in PPI networks; origins by duplication and co-option (evolutionary trajectory).
10.15252/msb.20177554,An immediate–late gene expression module decodes ERK signal duration,functions,,,,,functions,Y,0,2,7,Immediate-late gene expression module turns ERK signal duration (input) into gene expression (output).
10.1126/science.ade9434,Combinatorial assembly and design of enzymes,functions,,,,Y,functions,Y,0,0,3,Enzyme fragments are combinatorially assembled into functional endoxylanases; modules nested in the enzyme. Weakest fit to the three axes.
10.15252/msb.20167347,A spectrum of modularity in multi‐functional gene circuits,functions,networks,Y,,,functions,Y,0,1,2,Multi-functional gene circuits; asks whether functions map to separable sub-circuits (hybrid) or are emergent (non-modular).
10.1016/j.cell.2017.08.032,Transcriptional Architecture of Synaptic Communication Delineates GABAergic Neuron Identity,functions,traits,Y,,Y,functions,Y,1,1,8,"Hyper module: combinatorial expression of gene families (adhesion, receptors, channels) shapes synaptic input/output and defines neuron types as individuals with traits. Analogue of the LRR example."
10.1371/journal.pcbi.1004055,Evolution of Bow-Tie Architectures in Biology,functions,networks,Y,Y,Y,functions,Y,0,1,2,Bow-tie (multi-layer) networks evolved to meet an input/output goal; metabolism and signaling are examples.
