paper title,DOI,trait_score,network_score,function_score,evolution_trajectory_score,hierarchy_score,notes,auto_primary,auto_hyper,text_source,traits_keyword_score,networks_keyword_score,functions_keyword_score,evolution_keyword_score,hierarchy_keyword_score,traits_terms,networks_terms,functions_terms,evolution_terms,hierarchy_terms
"A mechanistic model of connector hubs, modularity and cognition",10.1038/s41562-018-0420-6,0,90,30,0,0,"Brain network modules (communities, connector hubs) are the core subject: network raised. Modules are linked to distinct cognitive functions, so a moderate function score. Trait keyword hit was spurious.",networks,,pdf,10,70,0,0,0,anatomical,networks?\b; nodes?\b; edges?\b; community structure; hubs?\b; connector; connectivity,,,
A Modular Organization of LRR Protein-Mediated Synaptic Adhesion Defines Synapse Identity.,10.1016/j.neuron.2018.06.026,0,10,80,0,0,"The note uses this paper as its Functions example (combinations of LRR proteins specify synapse function), so function raised.",functions,,abstract,0,10,50,0,0,,connectivity,inputs?\b; context[- ]dependen; compos(e|able|ition|ing); (gene )?expression; combinatorial,,
A multi-objective ant colony optimization algorithm for community detection in complex networks,10.1007/s12652-018-1159-7,0,90,0,0,0,Pure community-detection algorithm for networks; network raised. Not biological in content.,networks,,bibliography,0,70,0,0,0,,networks?\b; nodes?\b; edges?\b; community structure; community detection; densely (inter)?connected; interaction network,,,
A network of human functional gene interactions from knockout fitness screens in cancer cells,10.26508/lsa.201800278,0,80,40,0,0,The note uses this paper as its Networks example (gene interaction network from knockout screens); network raised. Trait hit spurious.,functions,,pdf,10,20,40,0,0,traits?\b,networks?\b; genetic interaction,pathways?\b; protein complex; translation; co-?essential,,
Differential gene regulatory networks in development and disease,10.1007/s00018-017-2679-6,0,70,30,30,0,Differential regulatory networks are the method: network raised. Condition-specific regulatory programs give a function component; development/disease rewiring is a modest trajectory.,networks,,bibliography,0,30,0,17,0,,networks?\b; edges?\b; subnetwork,,development,
Genetic analysis of the Candida albicans biofilm transcription factor network using simple and complex haploinsufficiency,10.1371/journal.pgen.1006948,0,60,50,0,25,Six-TF biofilm regulatory circuit studied as a network module with a defined regulatory function (biofilm formation). Trait hit spurious.,networks,,pdf,10,40,30,0,25,teeth|dental,networks?\b; small-world; genetic interaction; topolog,circuits?\b; transcription; (gene )?expression,,hierarch
ModelBricks — Modules for Reproducible Modeling Improving Model Annotation and Provenance,10.1038/s41540-019-0117-x,0,0,60,0,20,Model components with defined interfaces that encapsulate mechanisms and are composed into larger models: function raised. Composition implies nesting.,functions,,bibliography,0,0,20,0,0,,,compos(e|able|ition|ing); feedback,,
Parcellating connectivity in spatial maps,10.7717/peerj.784,0,70,0,0,0,Parcellation of connectivity matrices into locally connected clusters is a network-module method; network raised.,networks,,abstract,0,30,0,0,0,,networks?\b; graphs?\b; connectivity,,,
Reverse Engineering of Biological Complexity,10.1126/science.1069981,0,30,50,30,60,Modular architectures built from hierarchies of protocols and feedback layers: hierarchy and function raised. Convergent evolution is mentioned but not analysed.,functions,,abstract,10,0,20,17,25,teeth|dental,,compos(e|able|ition|ing); feedback,evolution,hierarch
Spontaneous Evolution of Modularity and Network Motifs,10.1073/pnas.0503610102,0,70,40,90,0,Networks evolved under modularly varying goals: evolutionary trajectory is central and the modules are network subgraphs that perform subtasks.,networks,,abstract,0,30,10,50,0,,networks?\b; subnetwork; connectivity,reusab,evolution; evolv; over time,
The Evolutionary Origins of Modularity,10.1098/rspb.2012.2863,0,70,20,90,0,Evolution of network modularity under connection costs (Q score): evolution and network raised. Modules perform functions only implicitly.,networks,,abstract,0,30,0,50,0,,networks?\b; nodes?\b; subnetwork,,evolution; evolv; selection,
The Mammalian MAPK/ERK Pathway Exhibits Properties of a Negative Feedback Amplifier,10.1126/scisignal.2001212,0,20,90,0,0,"MAPK cascade analysed as an input/output negative-feedback amplifier, a clear Functions module. Evolution hit came from 'drug development'.",functions,,abstract,0,10,80,33,0,,graphs?\b,inputs?\b; outputs?\b; input[- ]output; pathways?\b; reactions?\b; circuits?\b; signal(l)?ing; feedback,evolution; development,
Winner-takes-all resource competition redirects cascading cell fate transitions,10.1038/s41467-021-21125-3,0,10,90,0,0,"Synthetic gene-circuit modules whose function fails under resource competition (context dependence), a core Functions theme.",functions,,pdf,0,0,60,0,0,,,(gene|genetic|synthetic) circuits?; circuits?\b; context[- ]dependen; resource (competition|demand); ribosom; (gene )?expression,,
A Complex Systems Approach to Aging Biology,10.1038/s43587-022-00252-6,0,40,30,0,30,Only the bibliography summary was available. Complex-systems framing of aging uses interacting subsystems (networks) across levels (hierarchy); scores estimated from that summary.,functions,,bibliography,0,0,10,0,0,,,pathways?\b,,
A Comprehensive Survey on Community Detection With Deep Learning,10.1109/tnnls.2021.3137396,0,80,0,0,0,Survey of deep-learning community detection; network raised. Not biological; trait/evolution hits spurious.,networks,,pdf,10,60,0,33,0,anatomical,networks?\b; nodes?\b; edges?\b; graphs?\b; community detection; topolog,,evolution; development,
A Dynamical Paradigm for Molecular Cell Biology,10.1016/j.tcb.2020.04.002,0,30,60,0,25,"Reusable dynamical modules (switches, oscillators) characterised by input/response bifurcations: function raised.",functions,,abstract,0,10,40,0,25,,networks?\b,circuits?\b; compos(e|able|ition|ing); building blocks?; reusab,,higher-order
A feedback loop of conditionally stable circuits drives the cell cycle from checkpoint to checkpoint,10.1038/s41598-019-52725-1,0,70,70,0,50,"Stable motifs in a logical network model: network raised. Each motif maintains a regulatory state, and the motifs are nested (hierarchy kept).",functions,functions+networks,pdf,0,50,80,17,50,,networks?\b; nodes?\b; links?\b; interaction network; topolog,inputs?\b; circuits?\b; context[- ]dependen; compos(e|able|ition|ing); transcription; signal(l)?ing; feedback; combinatorial,trajector,hierarch; nested
A genome-wide atlas of co-essential modules assigns function to uncharacterized genes,10.1038/s41588-021-00840-z,0,60,70,0,0,"Modules come from clustering gene co-essentiality profiles (network-style method, like the note's knockout example) and are interpreted as pathways and complexes.",functions,,abstract,0,0,40,0,0,,,pathways?\b; enzym; protein complex; co-?essential,,
A global genetic interaction map of a human cell reveals conserved principles of genetic networks,https://pubmed.ncbi.nlm.nih.gov/40631273/,0,80,40,30,60,Human genetic interaction network with hierarchical modules; conservation of network principles from yeast to human adds an evolutionary component. Only the bibliography summary was available.,networks,,bibliography,0,30,20,0,25,,networks?\b; interaction network; genetic interaction,pathways?\b; protein complex,,hierarch
A global genetic interaction network maps a wiring diagram of cellular function,10.1126/science.aaf1420,0,70,40,0,70,Global genetic interaction network with modules nested from complexes to bioprocesses: hierarchy raised.,networks,,abstract,0,70,20,0,50,,networks?\b; densely (inter)?connected; hubs?\b; interaction network; genetic interaction; topolog; wiring diagram,pathways?\b; protein complex,,hierarch; nested
A Load Driver Device for Engineering Modularity in Biological Networks,10.1038/nbt.3044,0,10,100,0,0,Reading agreed with the keyword scores; no adjustment.,functions,,abstract,0,10,100,0,0,,networks?\b,inputs?\b; outputs?\b; input[- ]output; (gene|genetic|synthetic) circuits?; circuits?\b; devices?\b; insulat; retroactivity; \bload\b; compos(e|able|ition|ing); building blocks?; transcription,,
A meta-analysis of Boolean network models reveals design principles of gene regulatory networks,10.1126/sciadv.adj0822,0,70,30,17,0,Meta-analysis of Boolean regulatory network models (structure and dynamics): network raised.,networks,,abstract,0,30,10,17,0,,networks?\b; subnetwork; topolog,(gene )?expression,evolution,
A module of negative feedback regulators defines growth factor signaling,10.1038/ng1987,0,30,70,0,0,A co-expressed cluster of negative regulators acts as a feedback unit on growth-factor signaling: function raised.,functions,,bibliography,0,20,30,0,0,,networks?\b; graphs?\b,transcription; signal(l)?ing; feedback,,
A new phylogenetic test for comparing multiple high‐dimensional evolutionary rates suggests interplay of evolutionary rates and modularity in lanternfishes (Myctophiformes; Myctophidae),10.1111/evo.12743,90,0,0,90,0,The note uses this paper as its Traits example (body-shape trait modules and their evolutionary rates).,traits,,abstract,70,0,0,67,0,traits?\b; morpholog; shape (variation|evolution|diversity); evolutionary rates?; anatomical; body plan; phylogenetic comparative,,,evolution; evolv; phylogen; development,
A quantitative map of human Condensins provides new insights into mitotic chromosome architecture,10.1083/jcb.201801048,0,0,60,0,10,Condensin I and II are treated as functionally distinct protein modules that organize chromosomes; keyword lexicon missed the functional framing.,traits,,abstract,0,0,0,0,25,,,,,hierarch
A quasi-integral controller for adaptation of genetic modules to variable ribosome demand,10.1038/s41467-018-07899-z,0,0,100,0,0,Reading agreed with the keyword scores; no adjustment.,functions,,pdf,0,0,100,0,0,,,outputs?\b; (gene|genetic|synthetic) circuits?; circuits?\b; \bload\b; ribosom; transcription; translation; (gene )?expression; controller; feedback,,
"A Reappraisal of How to Build Modular, Reusable Models of Biological Systems",10.1371/journal.pcbi.1003849,0,10,60,0,25,"Reusable, composable model modules with semantic interfaces: function raised. Evolution hit spurious.",functions,,pdf,0,10,20,17,25,,networks?\b,compos(e|able|ition|ing); reusab,development,multi-?scale
A review of modularization techniques in artificial neural networks,10.1007/s10462-019-09706-7,0,40,40,17,0,Review of modular artificial neural networks; sub-networks handle sub-tasks. Not biological.,networks,,pdf,0,30,10,17,0,,networks?\b; subnetwork; topolog,compos(e|able|ition|ing),million years|\bmy\b,
A spectrum of modularity in multi‐functional gene circuits,10.15252/msb.20167347,0,40,80,0,0,"Asks whether circuit functions map onto separable sub-circuits: function central, circuit topology gives a network component.",functions,,abstract,0,10,20,0,0,,topolog,(gene|genetic|synthetic) circuits?; circuits?\b,,
A Synthetic Mammalian Therapeutic Gene Circuit for Sensing and Suppressing Inflammation.,10.1016/j.ymthe.2016.10.005,0,0,80,0,0,Engineered sensor-amplifier-thresholder-actuator gene circuit: modules are input/output functional units.,functions,,abstract,0,0,50,0,0,,,outputs?\b; (gene|genetic|synthetic) circuits?; circuits?\b; devices?\b; feedback,,
Adaptation and constraint in the evolution of the mammalian backbone,10.1186/s12862-018-1282-2,90,0,10,70,0,The note uses this paper as its Traits example (thoracic/lumbar vertebral trait modules across mammal evolution).,traits,,bibliography,50,0,10,50,0,morpholog; vertebra; backbone; skelet; taxa\b,,(gene )?expression,evolution; evolv; development,
Age and Sex Effects on Plasma Metabolite Association Networks in Healthy Subjects.,10.1021/acs.jproteome.7b00404,20,60,30,0,0,Metabolite association networks compared across age/sex groups: network raised. Individuals grouped by attributes gives a small trait component.,networks,,abstract,0,40,30,0,0,,networks?\b; community detection; hubs?\b; connectivity,pathways?\b; metabolic pathway; biosynth,,
Algebras of open dynamical systems on the operad of wiring diagrams,10.70930/tac/7tz1nkbd,0,40,70,0,40,Black boxes with input/output ports composed through wiring diagrams: Functions axis with nested composition (hierarchy). Abstract mathematics.,functions,,pdf,0,30,40,0,25,,networks?\b; graphs?\b; wiring diagram,inputs?\b; outputs?\b; compos(e|able|ition|ing); feedback,,hierarch
Alzheimer’s Disease: From Firing Instability to Homeostasis Network Collapse,10.1016/j.neuron.2017.11.028,0,30,20,0,0,Module concept is loose (homeostatic neural circuits); low scores overall. Only the bibliography summary was available.,networks,,bibliography,0,10,10,0,0,,networks?\b,circuits?\b,,
An atlas of protein-protein interactions across mouse tissues.,10.2139/ssrn.3770938,0,70,40,0,0,"Tissue-specific protein interaction networks and complexes: network raised. 'Rewiring' is across tissues, not evolution.",networks,,abstract,0,40,10,17,0,,networks?\b; subnetwork; protein[- ]protein interaction; interactome,protein complex,evolution,
An immediate–late gene expression module decodes ERK signal duration,10.15252/msb.20177554,0,20,80,0,0,Gene expression module decodes ERK signal duration (input) into expression (output): function raised.,functions,,bibliography,0,20,70,0,0,,networks?\b; topolog,outputs?\b; pathways?\b; devices?\b; transcription; (gene )?expression; signal(l)?ing; decod,,
An integrated transcriptomic and epigenomic atlas of mouse primary motor cortex cell types,10.1101/2020.02.29.970558,40,10,30,0,30,Cell types defined by combinations of molecular features across many cells are trait-like modules; multi-modal (transcriptome/epigenome) layers add hierarchy.,functions,,abstract,0,20,30,0,0,,networks?\b; connectivity,outputs?\b; building blocks?; (gene )?expression,,
Analysis of long noncoding RNA and mRNA using RNA sequencing during the differentiation of intramuscular preadipocytes in chicken,10.1371/journal.pone.0172389,0,60,20,30,0,WGCNA co-expression network modules: network raised. Differentiation time course is a developmental trajectory.,networks,,pdf,0,40,20,50,0,,networks?\b; links?\b; hubs?\b; co-?expression network,pathways?\b; (gene )?expression,selection; development; trajector,
Analysis of the Human Endogenous Coregulator Complexome,10.1016/j.cell.2011.05.006,0,60,50,0,0,Protein complexes as modules linked through shared subunits into a complexome network; complexes perform regulatory functions.,networks,,abstract,0,40,30,0,0,,networks?\b; interaction network; protein[- ]protein interaction; connectivity,compos(e|able|ition|ing); protein complex; transcription,,
Applications of community detection techniques to brain graphs: Algorithmic considerations and implications for neural function,10.1101/209429,0,80,0,17,0,Community detection in brain graphs is the core topic; network raised.,networks,,abstract,0,60,0,17,0,,networks?\b; links?\b; graphs?\b; community structure; community detection; densely (inter)?connected,,evolv,
Architecture of eukaryotic mRNA 3′-end processing machinery,10.1126/science.aao6535,0,20,60,0,30,"The processing machinery is organized into nuclease, polymerase and phosphatase modules, each with its own function, nested in one complex.",functions,,abstract,0,20,30,0,0,,hubs?\b; protein[- ]protein interaction,enzym; protein complex; transcription,,
Architecture of the human interactome defines protein communities and disease networks,10.1038/nature22366,0,80,40,17,0,BioPlex interactome clustered into protein communities that correspond to complexes and pathways.,networks,,abstract,0,50,20,17,0,,networks?\b; protein communities; interaction network; interactome; markov clustering,pathways?\b; signal(l)?ing,evolution,
Assessment of network module identification across complex diseases,10.1038/s41592-019-0509-5,0,80,30,17,25,DREAM challenge on network module identification: network raised. Trait hit spurious.,networks,,pdf,10,70,30,17,25,traits?\b,networks?\b; nodes?\b; graphs?\b; subnetwork; community detection; interaction network; connectivity,pathways?\b; (gene )?expression; signal(l)?ing,development,multi-?scale
Bacterial protein networks: properties and functions,10.1038/nrmicro3508,0,60,30,0,0,Only the bibliography summary was available. Review of bacterial protein interaction networks and their functional clusters.,networks,,bibliography,0,30,0,0,0,,networks?\b; interaction network; topolog,,,
"Biological Robustness: Paradigms, Mechanisms, and Systems Principles",10.3389/fgene.2012.00067,0,30,40,50,25,Review of robustness mechanisms; modularity is one mechanism among feedback and redundancy. Trait hit spurious.,functions,,pdf,10,20,40,50,25,traits?\b,networks?\b; topolog,building blocks?; reusab; (gene )?expression; feedback,evolution; selection; development,levels? of (biological )?organi[sz]ation
Bipartite graphs in systems biology and medicine: a survey of methods and applications,10.1093/gigascience/giy014,0,80,0,0,0,Survey of bipartite graph methods and biclusters: network raised.,networks,,abstract,0,60,0,0,0,,networks?\b; nodes?\b; edges?\b; graphs?\b; subgraph; topolog,,,
Bow-tie architectures in biological and artificial neural networks: Implications for network evolution and assay design,10.1016/j.isci.2023.106041,0,50,40,33,0,Bow-tie network structure compared between biological and artificial networks: network raised.,functions,,abstract,0,10,40,33,0,,networks?\b,inputs?\b; outputs?\b; pathways?\b; transcription,evolution; development,
Bow-tie signaling in c-di-GMP: Machine learning in a simple biochemical network,10.1371/journal.pcbi.1005677,0,40,60,20,0,"Bow-tie signaling network with many input enzymes, one second-messenger pool, and many outputs: function raised. Evolution and trait hits are mostly spurious.",functions,,pdf,10,30,50,50,0,traits?\b,networks?\b; links?\b; topolog,inputs?\b; outputs?\b; enzym; devices?\b; signal(l)?ing,evolution; evolv; selection,
Cancer mutationscape: revealing the link between modular restructuring and intervention efficacy among mutations,10.1038/s41540-024-00398-6,0,80,30,10,75,"Strongly connected components of regulatory networks, nested hierarchically. Evolution hit is about cancer mutations, not an evolutionary trajectory.",networks,,pdf,0,80,30,33,75,,networks?\b; nodes?\b; links?\b; graphs?\b; densely (inter)?connected; interaction network; connectivity; topolog,ribosom; compos(e|able|ition|ing); signal(l)?ing,development; over time,hierarch; nested; multi-?scale
Carboxysomes: metabolic modules for CO2 fixation.,10.1093/femsle/fnx176,0,10,70,0,40,Carboxysome as a CO2-fixation module built from protein-domain building blocks encoded in genetic loci (nested objects).,functions,,abstract,0,10,60,0,0,,protein[- ]protein interaction,enzym; catalytic; reactions?\b; plug-and-play; building blocks?; microcompartment,,
Cell Signaling as a Cognitive Process,10.1016/j.cell.2017.09.008,0,50,60,0,0,"The abstract on file belongs to a different paper (DOI mismatch), so keyword scores are unreliable. Scored from the title and module definition: signaling networks whose functional units emerge from dynamics.",functions,,abstract,0,20,30,0,0,,networks?\b; topolog,context[- ]dependen; protein complex; signal(l)?ing,,
CGMega: explainable graph neural network framework with attention mechanisms for cancer gene module dissection,10.1038/s41467-024-50426-6,0,70,30,0,0,Graph neural network partitions a cancer gene interaction graph into modules: network raised. 'Development' hit refers to tumour development.,networks,,pdf,0,40,30,17,0,,networks?\b; edges?\b; graphs?\b; genetic interaction,pathways?\b; transcription; (gene )?expression,development,
Childhood Trauma and Functional Connectivity between Amygdala and Medial Prefrontal Cortex: A Dynamic Functional Connectivity and Large-Scale Network Perspective,10.3389/fnsys.2017.00029,0,60,10,0,0,Large-scale resting-state brain networks; modules are functional connectivity communities.,networks,,abstract,0,60,0,0,0,,networks?\b; nodes?\b; graphs?\b; community structure; community detection; connectivity,,,
Clinical epigenetics settings for cancer and cardiovascular diseases: real-life applications of network medicine at the bedside,10.1186/s13148-021-01047-z,0,60,20,0,0,Network-medicine review of disease modules in the interactome: network raised.,networks,,pdf,0,40,20,17,0,,networks?\b; links?\b; subnetwork; interactome,pathways?\b; translation,selection,
Co-regulatory networks of human serum proteins link genetics to disease,10.1126/science.aaq1327,0,60,30,0,0,Serum protein co-regulatory networks (modules of correlated proteins) linked to disease: network raised.,networks,,abstract,0,20,20,0,0,,networks?\b; links?\b,compos(e|able|ition|ing); (gene )?expression,,
Combinatorial assembly and design of enzymes,10.1126/science.ade9434,0,0,50,0,40,Enzyme fragments combinatorially assembled into functional enzymes; fragments are nested in the enzyme (hierarchy). Weak fit to the three axes.,functions,,abstract,0,0,30,0,0,,,enzym; catalytic; combinatorial,,
Combined use of network inference tools identifies ecologically meaningful bacterial associations in a paddy soil,10.1016/j.soilbio.2016.11.029,20,70,20,0,0,Microbial co-occurrence network modules across taxa; species composition gives a small trait component. Evolution hit came from 'phylogenetic diversity'.,networks,,abstract,20,70,0,33,0,guilds?\b; taxa\b,networks?\b; nodes?\b; subnetwork; interaction network; co-?occurrence network; topolog; keystone,,phylogen; development,
Combining a Toggle Switch and a Repressilator within the AC-DC Circuit Generates Distinct Dynamical Behaviors,10.1016/j.cels.2018.02.008,0,30,70,0,0,Toggle switch and repressilator treated as functional building blocks combined in one circuit: function raised.,functions,,abstract,0,20,40,0,0,,nodes?\b; topolog,(gene|genetic|synthetic) circuits?; circuits?\b; building blocks?; feedback,,
Community detection in networks: A multidisciplinary review,10.1016/j.jnca.2018.02.011,0,80,0,0,0,Only the bibliography summary was available. Multidisciplinary review of community detection: network raised.,networks,,bibliography,0,40,0,0,0,,networks?\b; community structure; community detection; densely (inter)?connected,,,
Community structure in social and biological networks,10.1073/pnas.122653799,0,100,0,0,40,Girvan-Newman community detection; communities are found by hierarchical (divisive) clustering.,networks,,pdf,0,100,0,0,25,,networks?\b; nodes?\b; edges?\b; links?\b; graphs?\b; community structure; densely (inter)?connected; clustering coefficient; degree distribution; power-law; small-world,,,hierarch
"Comparing the strength of modular signal, and evaluating alternative modular hypotheses, using covariance ratio effect sizes with morphometric data",10.1111/evo.13867,90,0,0,33,30,Statistical method for trait-covariation modularity in morphometric data: trait raised.,traits,,abstract,70,0,0,33,25,traits?\b; morpholog; morphometric; covariation; covariance; mandib; taxa\b,,,evolution; development,levels? of (biological )?organi[sz]ation
Comparison of Methods for Differential Co-expression Analysis for Disease Biomarker Prediction,10.1016/j.compbiomed.2019.103380,0,60,50,0,0,"The note lists this as a Functions example (miRNA input, protein output); the method is differential co-expression network modules, so both are scored.",functions,,abstract,0,20,30,0,0,,networks?\b; co-?expression network,pathways?\b; (gene )?expression; mirna,,
Complex‐centric proteome profiling by SEC‐SWATH‐MS,10.15252/msb.20188438,0,20,50,0,0,Proteome profiling of protein complexes as functional modules; evolution hit spurious.,functions,,abstract,0,0,20,17,0,,,compos(e|able|ition|ing); protein complex,development,
Complexity and Modularity of Intracellular Networks: A Systematic Approach for Modelling and Simulation,10.1049/iet-syb:20080092,0,50,50,0,0,Only the bibliography summary was available. Criteria for decomposing intracellular networks into independently simulated modules (weak coupling).,networks,,bibliography,0,10,0,0,0,,networks?\b,,,
Computational Design of Synthetic Gene Circuits with Composable Parts,10.1093/bioinformatics/btn330,0,0,100,0,30,Composable standard parts are assembled into larger circuits (nested composition).,functions,,abstract,0,0,100,0,0,,,inputs?\b; outputs?\b; input[- ]output; (gene|genetic|synthetic) circuits?; circuits?\b; insulat; retroactivity; ribosom; compos(e|able|ition|ing); transcription; (gene )?expression,,
Control theory meets synthetic biology,10.1098/rsif.2016.0380,0,0,80,0,0,"Control-theory review of synthetic circuit modules, context dependence and resource sharing: function raised.",functions,,abstract,0,0,40,0,0,,,(gene|genetic|synthetic) circuits?; circuits?\b; compos(e|able|ition|ing); feedback,,
"Cortical Folding of the Primate Brain: An Interdisciplinary Examination of the Genetic Architecture, Modularity, and Evolvability of a Significant Neurological Trait in Pedigreed Baboons (Genus Papio)",10.1534/genetics.114.173443,80,20,0,50,0,"Genetic modularity of cortical-folding traits in a pedigreed baboon population: trait raised. Evolutionary history is discussed, not traced.",traits,,abstract,40,20,0,67,0,traits?\b; morpholog; co-?var(y|ies|ying); anatomical,networks?\b; connectivity,,evolution; evolv; selection; development,
Cranial Shape and the Modularity of Hybridization in Dingoes and Dogs; Hybridization Does Not Spell the End for Native Morphology,10.1007/s11692-016-9371-x,90,10,0,40,0,"Cranial shape modules (rostral, zygomatic, neurocranial) under hybridization: trait raised.",traits,,pdf,60,10,0,33,0,morpholog; morphometric; geometric morphometric; covariance; crani; anatomical,links?\b,,evolution; development,
Current and future directions in network biology,10.1093/bioadv/vbae099,0,80,30,0,50,"Survey of network biology (modules, multi-scale methods): network raised.",networks,,abstract,0,30,0,17,50,,networks?\b; graphs?\b; subnetwork,,evolution,multi-?scale; higher-order
Customizing cellular signal processing by synthetic multi-level regulatory circuits,10.1038/s41467-023-44256-1,0,20,100,0,60,"Regulatory circuits are stacked across transcriptional, post-transcriptional and translational levels.",functions,,pdf,0,20,100,0,50,,networks?\b; topolog,inputs?\b; outputs?\b; input[- ]output; (gene|genetic|synthetic) circuits?; circuits?\b; devices?\b; compos(e|able|ition|ing); transcription; translation; decod,,hierarch; multi-?level
Dealing with the genetic load in bacterial synthetic biology circuits: convergences with the Ohm's law,10.1093/nar/gkv1280,0,0,90,0,0,Reading agreed with the keyword scores; no adjustment.,functions,,abstract,0,0,90,0,0,,,(gene|genetic|synthetic) circuits?; circuits?\b; devices?\b; \bload\b; context[- ]dependen; compos(e|able|ition|ing); transcription; translation; (gene )?expression,,
Decoding disease: from genomes to networks to phenotypes,10.1038/s41576-021-00389-x,0,70,20,0,0,Only the bibliography summary was available. Review of disease modules in the interactome: network raised.,networks,,bibliography,0,40,10,0,0,,networks?\b; subnetwork; community detection; interactome,decod,,
Design Patterns of Biological Cells,10.1002/bies.202300188,0,30,60,20,30,"Catalogue of recurring design patterns (switches, adaptation, oscillation) in reaction networks: function raised.",networks,,abstract,0,20,20,17,0,,networks?\b; topolog,reactions?\b; signal(l)?ing,evolv,
Designing cell function: assembly of synthetic gene circuits for cell biology applications,10.1038/s41580-018-0024-z,0,0,80,0,40,Only the bibliography summary was available. Engineered gene circuits as functional modules assembled hierarchically.,functions,,bibliography,0,0,20,0,25,,,(gene|genetic|synthetic) circuits?; circuits?\b,,hierarch
Diffusion-based neuromodulation can eliminate catastrophic forgetting in simple neural networks,10.1371/journal.pone.0187736,0,50,40,30,0,Task-specialised sub-networks in artificial neural networks (neuroevolution); not biological.,networks,,pdf,0,20,0,0,0,,networks?\b; nodes?\b,,,
Discovering genetic interactions bridging pathways in genome-wide association studies,10.1038/s41467-019-12131-7,0,50,50,0,0,Epistasis between pathways in GWAS: pathways are functional modules connected by genetic-interaction links.,networks,,pdf,0,20,10,17,0,,networks?\b; genetic interaction,pathways?\b,development,
Dissecting the Puzzle of Life: Modularization of Signal Transduction Networks,10.1016/j.compchemeng.2004.08.035,0,40,60,0,0,Only the bibliography summary was available. Conditions for valid modular decomposition of signaling networks (precursor to retroactivity).,functions,,bibliography,0,10,20,0,0,,networks?\b,retroactivity; signal(l)?ing,,
DOMINO: a network‐based active module identification algorithm with reduced rate of false calls,10.15252/msb.20209593,0,80,30,0,0,Active-module identification on gene networks: network raised.,networks,,abstract,0,40,30,0,0,,networks?\b; nodes?\b; subnetwork; interaction network,inputs?\b; pathways?\b; (gene )?expression,,
Dual Proteome-scale Networks Reveal Cell-specific Remodeling of the Human Interactome,10.1101/2020.01.19.905109,0,70,30,0,0,Cell-line-specific interactomes; modules are protein communities remodelled across contexts.,networks,,abstract,0,30,10,0,0,,networks?\b; interaction network; interactome,context[- ]dependen,,
Dynamic brain network reconfiguration as a potential schizophrenia genetic risk mechanism modulated by NMDA receptor function,10.1073/pnas.1608819113,0,70,20,0,0,Dynamic brain-network reconfiguration measured by multilayer modularity: network raised.,networks,,abstract,0,30,20,0,0,,networks?\b; community structure; connectivity,\bload\b; signal(l)?ing,,
Emergence of co-expression in gene regulatory networks,10.1371/journal.pone.0247671,0,50,50,20,0,ODE models show how co-expression modules emerge from shared regulatory inputs. Evolution hit is weak.,functions,,pdf,0,20,50,50,0,,networks?\b; topolog,inputs?\b; circuits?\b; transcription; (gene )?expression; feedback,evolution; selection; development,
Engineering genetic circuit interactions within and between synthetic minimal cells,10.1038/nchem.2644,0,10,70,0,20,Genetic circuits isolated in liposomes as composable functional compartments: function raised.,functions,,abstract,0,10,30,0,0,,networks?\b,reactions?\b; (gene|genetic|synthetic) circuits?; circuits?\b,,
Engineering Principles in Bio-Molecular Systems: From Retroactivity to Modularity,10.1016/s0947-3580(09)70995-1,0,0,80,0,0,"Only the bibliography summary was available. Retroactivity and input/output modularity, a core Functions theme.",functions,,bibliography,0,0,60,0,0,,,inputs?\b; outputs?\b; input[- ]output; devices?\b; insulat; retroactivity,,
EPIC: Software Toolkit for Elution Profile-Based Inference of Protein Complexes,10.1038/s41592-019-0461-4,0,30,40,0,0,Software to infer protein complexes from co-elution profiles.,networks,,abstract,0,20,10,0,0,,hubs?\b; interactome,protein complex,,
Evolution of Bow-Tie Architectures in Biology,10.1371/journal.pcbi.1004055,0,50,60,80,25,Multilayer networks evolved to meet an input/output goal produce bow-ties: evolutionary trajectory and network raised.,functions,,pdf,0,20,60,33,25,,networks?\b; links?\b,inputs?\b; outputs?\b; input[- ]output; pathways?\b; building blocks?; signal(l)?ing,evolution; evolv,multi-?layer
Expanding Biosensing Abilities through Computer-Aided Design of Metabolic Pathways.,10.1021/acssynbio.5b00225,0,0,70,0,0,Reading agreed with the keyword scores; no adjustment.,functions,,abstract,0,0,70,0,0,,,inputs?\b; outputs?\b; pathways?\b; metabolic pathway; enzym; reactions?\b; circuits?\b,,
From genotypes to organisms: State-of-the-art and perspectives of a cornerstone in evolutionary dynamics.,10.1016/j.plrev.2021.03.004,40,20,0,60,0,Genotype-phenotype maps and evolutionary dynamics; modules are sets of loci affecting traits.,traits,,abstract,20,0,0,17,0,traits?\b; phenotypic (integration|variation|trait),,,evolution,
From molecular to modular cell biology,10.1038/35011540,0,30,90,30,30,Only the bibliography summary was available. Landmark statement that functional modules have defined inputs and outputs: function raised.,functions,,bibliography,10,0,20,0,0,landmarks?,,inputs?\b; outputs?\b,,
From protein-protein interactions to protein co-expression networks: a new perspective to evaluate large-scale proteomic data,10.1186/s13637-017-0059-z,0,80,30,0,0,Review of protein co-expression networks; evolution hit spurious.,networks,,pdf,0,80,30,17,0,,networks?\b; edges?\b; links?\b; graphs?\b; hubs?\b; protein[- ]protein interaction; co-?expression network; topolog,transcription; (gene )?expression; decod,development,
Game Changer: The Topology of Creativity1,10.1086/681213,0,60,0,0,0,Network folding in creative teams (sociology); not biological.,networks,,abstract,0,30,0,0,0,,networks?\b; densely (inter)?connected; topolog,,,
Gene co-expression in the interactome: moving from correlation toward causation via an integrated approach to disease module discovery,10.1038/s41540-020-00168-0,0,100,20,0,0,Disease modules in the interactome via co-expression switch genes; evolution hit spurious.,networks,,pdf,0,100,20,17,0,,networks?\b; nodes?\b; edges?\b; subnetwork; hubs?\b; interaction network; interactome; genetic interaction; co-?expression network; topolog,pathways?\b; (gene )?expression,evolv,
Gene co-expression network connectivity is an important determinant of selective constraint,10.1371/journal.pgen.1006402,10,60,10,60,0,Co-expression network connectivity predicts selective constraint (purifying selection): evolution raised.,networks,,pdf,10,60,10,33,0,traits?\b,networks?\b; hubs?\b; scale-free; co-?expression network; connectivity; topolog,(gene )?expression,evolution; selection,
Genetic correlation network prediction of forest soil microbial functional organization,10.1038/s41396-018-0232-8,10,60,50,0,25,Genetic correlation network modules in soil microbes map to ecological functions such as carbon and nitrogen cycling.,networks,networks+functions,pdf,0,50,50,17,25,,networks?\b; links?\b; hubs?\b; genetic interaction; co-?expression network,outputs?\b; pathways?\b; compos(e|able|ition|ing); building blocks?; (gene )?expression,lineages?\b,hierarch
Genomic Regulation of Transcription and RNA Processing by the Multitasking Integrator Complex,10.1038/s41580-022-00534-2,0,20,70,17,30,"Integrator complex organized into cleavage, scaffold and phosphatase modules with distinct functions.",functions,,abstract,0,0,20,17,25,,,catalytic; transcription,development,sub-?modules?
Graphia: A platform for the graph-based visualisation and analysis of high dimensional data,10.1371/journal.pcbi.1010310,0,80,10,0,25,Graph-based clustering software for high-dimensional data.,networks,,pdf,0,80,10,17,25,,networks?\b; nodes?\b; edges?\b; graphs?\b; subgraph; community detection; densely (inter)?connected; markov clustering,translation,development,multi-?scale
GWENA: gene co-expression networks analysis and extended modules characterization in a single Bioconductor package,10.1186/s12859-021-04179-4,0,70,20,0,25,WGCNA co-expression module software: network raised. Trait and evolution hits spurious.,networks,,pdf,30,50,20,17,25,traits?\b; phenotypic (integration|variation|trait); skelet,networks?\b; links?\b; hubs?\b; co-?expression network; topolog,transcription; (gene )?expression,development,hierarch
Hierarchical Feedback Modules and Reaction Hubs in Cell Signaling Networks,10.1371/journal.pone.0125886,0,60,60,0,70,Feedback-loop modules organized hierarchically by timescale in signaling networks: hierarchy raised.,networks,networks+functions,pdf,0,50,50,17,50,,networks?\b; nodes?\b; graphs?\b; hubs?\b; topolog,outputs?\b; pathways?\b; reactions?\b; signal(l)?ing; feedback,evolution,hierarch; nested
Hierarchical Organization of Modularity in Metabolic Networks,10.1126/science.1073374,20,80,40,0,90,The note's hyper-module example (network analysis combined with traits across 43 organisms). Hierarchical modularity is the main result.,networks,networks+functions,pdf,0,60,50,0,50,,networks?\b; nodes?\b; densely (inter)?connected; clustering coefficient; power-law; topolog,pathways?\b; metabolic pathway; reactions?\b; compos(e|able|ition|ing); building blocks?,,hierarch; nested
HiSCF: leveraging higher-order structures for clustering analysis in biological networks,10.1093/bioinformatics/btaa775,0,70,30,0,30,Clustering on higher-order network motifs to find functional modules: network raised.,functions,,abstract,0,30,40,0,25,,networks?\b; nodes?\b; connectivity,pathways?\b; protein complex; (gene )?expression; signal(l)?ing,,higher-order
Human information processing in complex networks,10.1038/s41567-020-0924-7,0,60,0,0,0,Human learning of modular networks of concepts; not biological.,networks,,pdf,0,30,0,0,0,,networks?\b; community detection; densely (inter)?connected,,,
Identification of Biochemical Network Modules Based on Shortest Retroactive Distances,10.1371/journal.pcbi.1002262,0,60,70,0,60,"Reaction modules found from retroactive (feedback) distances in metabolic networks, organized hierarchically: network and hierarchy raised.",functions,,pdf,0,30,70,0,50,,networks?\b; hubs?\b; connectivity,pathways?\b; biosynth; enzym; reactions?\b; (gene )?expression; signal(l)?ing; feedback,,hierarch; higher-order
Identification of Hub Genes and Key Pathways Associated With Bipolar Disorder Based on Weighted Gene Co-expression Network Analysis,10.3389/fphys.2019.01081,0,60,30,0,0,WGCNA co-expression modules and hub genes in bipolar disorder: network raised.,networks,networks+functions,abstract,0,40,40,0,0,,networks?\b; hubs?\b; co-?expression network; connectivity,pathways?\b; transcription; (gene )?expression; signal(l)?ing,,
Identification of Topological Network Modules in Perturbed Protein Interaction Networks,10.1038/srep43845,0,70,30,0,0,Topological data analysis of perturbed protein interaction networks to find modules: network raised.,networks,networks+functions,pdf,0,50,40,17,0,,networks?\b; community detection; interaction network; interactome; topolog,context[- ]dependen; protein complex; transcription; (gene )?expression,evolution,
Identifying communities from multiplex biological networks,10.7717/peerj.1525,0,80,10,0,50,Community detection across multiplex network layers: network raised; multiple layers give a hierarchy component.,networks,,abstract,0,50,10,0,25,,networks?\b; edges?\b; community detection; protein[- ]protein interaction; genetic interaction,(gene )?expression,,multi-?layer
Immune Cell Gene Signatures for Profiling the Microenvironment of Solid Tumors,10.1158/2326-6066.cir-18-0342,30,20,40,0,0,Gene signatures that define immune cell types; cell types defined by shared expression features are trait-like.,functions,,abstract,0,10,30,0,0,,networks?\b,compos(e|able|ition|ing); transcription; (gene )?expression,,
Increased structural white and grey matter network connectivity compensates for functional decline in early multiple sclerosis,10.1177/1352458516651503,0,70,0,0,0,Structural and functional brain network communities in multiple sclerosis: network raised.,networks,,abstract,0,60,0,17,0,,networks?\b; graphs?\b; community detection; densely (inter)?connected; connectome; connectivity,,evolv,
Individual differences and time‐varying features of modular brain architecture,10.1016/j.neuroimage.2017.02.066,20,70,10,30,0,Only the bibliography summary was available. Time-varying brain network modularity and individual differences: network raised; change over time gives a modest trajectory.,functions,,bibliography,0,0,10,0,0,,,compos(e|able|ition|ing),,
Individualized interactomes for network-based precision medicine in hypertrophic cardiomyopathy with implications for other clinical pathophenotypes,10.1038/s41467-021-21146-y,0,70,20,0,0,Patient-specific disease modules in the interactome: network raised.,networks,,pdf,0,60,20,0,0,,networks?\b; subnetwork; interaction network; protein[- ]protein interaction; interactome; topolog,transcription; (gene )?expression,,
Inductive inference of gene regulatory network using supervised and semi-supervised graph neural networks,10.1016/j.csbj.2020.10.022,0,70,30,0,0,Gene regulatory network inference by graph neural networks (link prediction). Trait hit spurious.,networks,,abstract,10,70,30,0,0,skelet,networks?\b; nodes?\b; edges?\b; links?\b; graphs?\b; subgraph; topolog,inputs?\b; transcription; (gene )?expression,,
Insulated transcriptional elements enable precise design of genetic circuits,10.1038/s41467-017-00063-z,0,10,80,0,0,Insulated promoter/operator units compose predictably into circuits: function raised.,functions,,pdf,0,20,60,0,0,,networks?\b; nodes?\b,(gene|genetic|synthetic) circuits?; circuits?\b; insulat; compos(e|able|ition|ing); transcription; combinatorial,,
Intelligence is associated with the modular structure of intrinsic brain networks,10.1038/s41598-017-15795-7,20,90,0,0,0,Brain-network modularity correlates with intelligence across individuals; individual differences give a small trait component.,networks,,pdf,10,90,0,17,0,anatomical,networks?\b; nodes?\b; edges?\b; graphs?\b; hubs?\b; connector; connectivity; topolog; intermodule|between-module,,development,
Interactome-based approaches to human disease,10.1016/j.coisb.2017.04.015,0,70,20,0,0,Network-medicine review of interactome modules and disease: network raised.,networks,,abstract,0,40,10,0,0,,networks?\b; interaction network; protein[- ]protein interaction; interactome,protein complex,,
Interpretation of Cancer Mutations Using a Multiscale Map of Protein Systems,10.1126/science.abf3067,0,60,50,0,100,Multiscale hierarchy of protein systems from interaction and co-essentiality networks; functions validated by mutation phenotypes. Evolution hit spurious.,networks,,abstract,0,30,30,33,100,,networks?\b; community detection; protein communities,pathways?\b; signal(l)?ing; co-?essential,evolution; selection,hierarch; nested; multi-?scale; higher-order
Interrogating the topological robustness of gene regulatory circuits by randomization,10.1371/journal.pcbi.1005456,0,50,60,0,0,"Randomization of regulatory circuit topology to test robustness of circuit functions (toggle, repressilator).",functions,,pdf,0,30,60,0,0,,networks?\b; graphs?\b; topolog,(gene|genetic|synthetic) circuits?; circuits?\b; compos(e|able|ition|ing); (gene )?expression; decod; combinatorial,,
"Interrogation of Mammalian Protein Complex Structure, Function, and Membership Using Genome-Scale Fitness Screens",10.1016/j.cels.2018.04.011,0,40,60,30,0,Co-essentiality assigns subunits to protein complexes (functional modules); complexes are described as co-evolved.,networks,,abstract,0,30,20,33,0,,networks?\b; interaction network; protein[- ]protein interaction,protein complex; co-?essential,evolution; evolv,
INTS10–INTS13–INTS14 form a functional module of Integrator that binds nucleic acids and the cleavage module,10.1038/s41467-020-17232-2,0,0,60,0,30,INTS10-13-14 is a separable functional sub-module of Integrator that binds nucleic acids (nested in the larger complex).,functions,,pdf,0,0,10,0,0,,,transcription,,
Investigation on Changes of Modularity and Robustness by Edge-Removal Mutations in Signaling Networks,10.1186/s12918-017-0505-2,0,70,30,30,0,Modularity (Q) and robustness under edge-removal mutations in signaling networks; mutations are a minimal evolutionary component.,networks,,pdf,0,60,20,0,0,,networks?\b; edges?\b; links?\b; graphs?\b; community detection; modularity (score|index|q)\b,signal(l)?ing; feedback,,
Is functional integration of resting state brain networks an unspecific biomarker for working memory performance?,10.1016/j.neuroimage.2014.12.046,0,60,10,0,0,Only the bibliography summary was available. Integration among resting-state brain networks and working memory.,networks,,bibliography,0,30,0,0,0,,networks?\b; graphs?\b; community detection,,,
Is stochastic thermodynamics the key to understanding the energy costs of computation?,10.1073/pnas.2321112121,0,20,40,0,30,Energy costs of computation in modular physical systems; peripheral to biology.,functions,,abstract,0,10,20,0,25,,connectivity,circuits?\b; devices?\b,,hierarch
It is time to apply biclustering: a comprehensive review of biclustering applications in biological and biomedical data,10.1093/bib/bby014,20,40,30,0,0,Review of biclustering (gene-sample modules); samples with shared gene patterns resemble trait modules. Evolution hit spurious.,functions,,abstract,0,0,10,33,0,,,(gene )?expression,selection; development,
L-GRAAL: Lagrangian graphlet-based network aligner,10.1093/bioinformatics/btv130,0,70,20,30,25,Graphlet-based alignment of protein interaction networks across species reveals conserved pathways (evolutionary comparison).,networks,,abstract,0,50,20,17,25,,networks?\b; edges?\b; graphs?\b; subgraph; topolog,pathways?\b; protein complex,evolution,sub-?modules?
Landscape of the Plasmodium Interactome Reveals Both Conserved and Species-Specific Functionality,10.1016/j.celrep.2019.07.019,0,70,40,30,0,Plasmodium interactome modules; conserved versus species-specific modules give an evolutionary comparison.,networks,,abstract,0,60,20,17,0,,networks?\b; links?\b; graphs?\b; community detection; interaction network; interactome,transcription; translation,evolution,
Large-Scale Deep Multi-Layer Analysis of Alzheimer’s Disease Brain Reveals Strong Proteomic Disease-Related Changes Not Observed at the RNA Level,10.1038/s41593-021-00999-y,0,50,40,17,25,Protein co-expression network modules preserved across brain regions in Alzheimer's disease: network raised.,functions,,pdf,0,10,50,17,25,,networks?\b,pathways?\b; metabolic pathway; translation; (gene )?expression; signal(l)?ing,development,multi-?layer
Life's building blocks: the modular path to multiscale complexity,10.3389/fsysb.2024.1417800,20,40,50,60,100,"Perspective on modular building blocks across scales and their evolutionary advantages (evolvability, robustness).",functions,,pdf,20,20,40,50,100,morpholog; skelet,networks?\b; topolog,pathways?\b; metabolic pathway; compos(e|able|ition|ing); building blocks?,evolution; evolv; development,hierarch; nested; multi-?scale; levels? of (biological )?organi[sz]ation
Long-term training modifies the modular structure and organization of walking balance control.,10.1152/jn.00758.2015,30,0,60,30,0,Muscle synergies are functional motor modules; training changes them over years (trajectory). Individuals compared (experts vs novices) gives a trait component.,functions,,abstract,0,0,20,0,0,,,outputs?\b; compos(e|able|ition|ing),,
Longitudinal Changes in the Cerebral Cortex Functional Organization of Healthy Elderly,10.1523/jneurosci.1451-18.2019,0,70,0,40,25,Longitudinal decline of brain-network modular segregation with aging: network raised; aging is a trajectory over time.,networks,,abstract,0,60,0,0,25,,networks?\b; links?\b; graphs?\b; community detection; connectome; connectivity,,,higher-order
Macroecological trends in nestedness and modularity of seed-dispersal networks: human impact matters,10.1111/geb.12270,20,70,0,0,0,Bipartite plant-disperser interaction networks: network raised. Species composition and climate gradients give a small trait component.,networks,,abstract,0,30,0,0,25,,networks?\b; interaction network; nestedness,,,nested
Mapping Connections in Signaling Networks with Ambiguous Modularity,10.1038/s41540-019-0096-1,0,60,70,0,0,Modular Response Analysis reconstructs connections between signaling modules (inter-module protein complexes): network raised.,functions,,pdf,0,30,90,0,0,,networks?\b; nodes?\b; topolog,pathways?\b; enzym; reactions?\b; insulat; retroactivity; context[- ]dependen; compos(e|able|ition|ing); protein complex; signal(l)?ing,,
Mapping the multiscale structure of biological systems,10.1016/j.cels.2021.05.012,0,50,30,0,90,Review of multiscale hierarchies built from network proximity: hierarchy and network raised.,networks,,abstract,0,10,10,0,75,,networks?\b,translation,,hierarch; nested; multi-?scale
Measuring Node Contribution to Community Structure With Modularity Vitality,10.1109/tnse.2020.3049068,0,90,0,0,0,Reading agreed with the keyword scores; no adjustment.,networks,,pdf,0,90,0,0,0,,networks?\b; nodes?\b; links?\b; graphs?\b; community structure; community detection; densely (inter)?connected; hubs?\b; modularity (score|index|q)\b,,,
Membrane identity and GTPase cascades regulated by toggle and cut-out switches,10.1038/msb.2008.45,0,30,80,0,0,"Rab GTPase modules defined as molecules that jointly perform a function, linked in cascades: function raised.",networks,,abstract,0,20,10,17,0,,graphs?\b; intermodule|between-module,pathways?\b,development,
"Methods for protein complex prediction and their contributions towards understanding the organisation, function and dynamics of complexes",10.1016/j.febslet.2015.04.026,0,70,50,0,50,Review of protein-complex prediction from interaction networks; complexes are functional units.,networks,,pdf,0,60,20,0,50,,networks?\b; graphs?\b; subgraph; densely (inter)?connected; interaction network; protein[- ]protein interaction,protein complex; (gene )?expression,,hierarch; nested
Modular Analysis and Design of Biological Circuits,10.1016/j.copbio.2019.08.005,0,0,90,0,0,The abstract on file belongs to a different paper (DOI mismatch). Scored from the title and definition: retroactivity and input/output modularity of circuits.,functions,,abstract,0,0,60,33,0,,,inputs?\b; outputs?\b; input[- ]output; circuits?\b; retroactivity; compos(e|able|ition|ing),evolution; development,
Modular Assembly of Polysaccharide-Degrading Marine Microbial Communities.,10.1016/j.cub.2019.03.047,80,20,50,0,0,The note uses this paper as its Traits example: communities of species (guilds) that assemble around substrates; the guilds also have metabolic functions.,traits,,abstract,20,0,10,0,0,guilds?\b; taxa\b,,compos(e|able|ition|ing),,
Modular Cell Biology: Retroactivity and Insulation,10.1038/msb4100204,0,10,100,0,0,Reading agreed with the keyword scores; no adjustment.,functions,,abstract,0,10,100,0,0,,networks?\b,inputs?\b; outputs?\b; input[- ]output; reactions?\b; (gene|genetic|synthetic) circuits?; circuits?\b; devices?\b; insulat; retroactivity; transcription; feedback,,
Modular Composition of Gene Transcription Networks,10.1371/journal.pcbi.1003486,0,30,100,0,30,Retroactivity matrices for composing transcription-network modules; composition is nested. Evolution hit spurious.,functions,,pdf,0,20,100,33,0,,networks?\b; topolog,inputs?\b; outputs?\b; reactions?\b; (gene|genetic|synthetic) circuits?; circuits?\b; retroactivity; \bload\b; context[- ]dependen; compos(e|able|ition|ing); transcription; combinatorial,evolution; development,
Modular Deep Learning,10.48550/arxiv.2302.11529,0,20,50,0,30,Survey of modular deep learning (reusable trained components); not biological.,functions,,bibliography,0,10,20,0,0,,networks?\b,building blocks?; reusab,,
Modular epistasis and the compensatory evolution of gene deletion mutants,10.1371/journal.pgen.1007958,0,40,60,80,25,Compensatory evolution after gene deletion is modular (within complexes and pathways): evolution raised.,functions,,pdf,0,10,30,17,25,,genetic interaction,pathways?\b; metabolic pathway; protein complex,evolution,nested
Modular Evolution of the Drosophila Metabolome,10.1093/molbev/msab307,70,0,50,100,0,Metabolite levels treated as coevolving traits across Drosophila species; modules enrich for biochemical pathways (hyper module).,traits,,abstract,30,0,30,100,0,traits?\b; co-?var(y|ies|ying); variational modul,,pathways?\b; compos(e|able|ition|ing); building blocks?,evolution; evolv; phylogen; lineages?\b; selection; trajector; million years|\bmy\b,
Modular organization of cellular networks,10.1073/pnas.0237338100,0,80,20,0,0,Clustering of protein interaction networks into modules with organizer and connector proteins: network raised.,networks,,abstract,0,60,20,17,0,,networks?\b; subnetwork; densely (inter)?connected; connector; interaction network; intermodule|between-module,protein complex; signal(l)?ing,development,
Modular‐level alterations of structure–function coupling in schizophrenia connectome,10.1002/hbm.23501,0,70,20,0,0,Connectome modules and structure-function coupling in schizophrenia: network raised.,networks,,abstract,0,60,0,0,0,,networks?\b; graphs?\b; community detection; densely (inter)?connected; connectome; connectivity,,,
Modularity and community structure in networks,https://www.pnas.org/doi/abs/10.1073/pnas.0601602103,0,100,0,0,0,Duplicate of Newman 2006 (stored under a URL); scored like the DOI row. Defines modularity Q for networks.,networks,,bibliography,0,40,0,0,0,,networks?\b; nodes?\b; subgraph; community structure,,,
Modularity and community structure in networks,10.1073/pnas.0601602103,0,100,0,0,50,Reading agreed with the keyword scores; no adjustment.,networks,,pdf,0,100,0,0,50,,networks?\b; nodes?\b; edges?\b; graphs?\b; community structure; community detection; densely (inter)?connected; degree distribution; power-law; topolog,,,hierarch; nested
Modularity and stability in ecological communities,10.1038/ncomms12031,0,70,10,0,0,Modularity of species-interaction networks and community stability: network raised.,networks,,pdf,0,30,10,17,0,,networks?\b; densely (inter)?connected; intermodule|between-module,compos(e|able|ition|ing),evolution,
Modularity in Biological Networks,10.3389/fgene.2021.701331,0,100,40,0,40,"Review of structural and functional definitions of modules in biological networks, including hierarchical modules.",networks,,pdf,0,100,30,0,25,,networks?\b; nodes?\b; edges?\b; links?\b; graphs?\b; community structure; community detection; densely (inter)?connected; interaction network; connectivity; topolog,compos(e|able|ition|ing); transcription; (gene )?expression,,hierarch
Modularity of biological systems: a link,doi.org/10.1098/rsif.2023.0505,0,70,50,0,60,Duplicate of the Kadelka et al. row (DOI stored without https). SCC modules of Boolean networks form a hierarchy and link structure to dynamics.,networks,,abstract,0,30,0,33,0,,networks?\b; links?\b; graphs?\b,,evolv; over time,
Modularity of biological systems: a link between structure and function,10.1098/rsif.2023.0505,0,70,50,0,60,SCC modules of Boolean networks form a hierarchy (semidirect products) and link structure to dynamics (function). Evolution hit spurious.,networks,,abstract,0,60,0,33,25,,networks?\b; nodes?\b; links?\b; graphs?\b; community detection; wiring diagram,,evolv; over time,hierarch
"Modularity, Context-Dependence, and Insulation in Engineered Biological Circuits",10.1016/j.tibtech.2014.11.009,0,10,100,0,0,Reading agreed with the keyword scores; no adjustment.,functions,,abstract,0,10,100,0,0,,links?\b,inputs?\b; outputs?\b; input[- ]output; circuits?\b; insulat; retroactivity; context[- ]dependen; resource (competition|demand); transcription; translation,,
"Modularity: genes, development and evolution.",10.1146/annurev-ecolsys-121415-032409,80,0,30,80,50,Review of variational (trait) modularity in quantitative genetics and evolution across levels of organization: trait and evolution raised.,traits,,abstract,10,0,0,33,25,morpholog,,,evolution; development,levels? of (biological )?organi[sz]ation
Molecular Networks in Network Medicine: Development and Applications,10.1002/wsbm.1489,0,70,0,0,0,Network-medicine review of molecular network types: network raised.,networks,,abstract,0,40,0,17,0,,networks?\b; interaction network; protein[- ]protein interaction; interactome,,development,
Morphological evolution and modularity of the caecilian skull,10.1186/s12862-018-1342-7,100,0,0,83,0,"Cranial modules from landmark covariation across 32 caecilian genera, with evolutionary rates per module. Network hit spurious.",traits,,pdf,100,10,0,83,0,traits?\b; morpholog; morphometric; geometric morphometric; landmarks?; covariation; covariance; evolutionary rates?; disparity; skull; crani; phylogenetic signal; allometr,links?\b,,evolution; evolv; phylogen; development; million years|\bmy\b,
MTGO: PPI Network Analysis Via Topological and Functional Module Identification,10.1038/s41598-018-23672-0,0,80,50,0,0,Protein interaction network modules that are both topologically cohesive and functionally coherent (GO enrichment).,networks,,pdf,0,80,40,0,0,,networks?\b; nodes?\b; edges?\b; subgraph; subnetwork; protein[- ]protein interaction; connectivity; topolog,pathways?\b; metabolic pathway; protein complex; transcription,,
Multiple Network Alignment via MultiMAGNA++,10.1109/tcbb.2017.2740381,0,70,10,40,0,Alignment of protein interaction networks across species finds conserved regions (evolutionary comparison).,networks,,pdf,0,70,10,17,0,,networks?\b; nodes?\b; edges?\b; subnetwork; interaction network; protein[- ]protein interaction; topolog,(gene )?expression,evolution,
Multiscale community detection in Cytoscape,10.1371/journal.pcbi.1008239,0,80,20,0,60,Community detection at multiple resolutions in Cytoscape; the resulting communities form a hierarchy.,networks,,pdf,0,70,20,0,50,,networks?\b; nodes?\b; community structure; community detection; densely (inter)?connected; interaction network; protein[- ]protein interaction,outputs?\b; protein complex,,hierarch; multi-?scale
Network analysis of immunotherapy-induced regressing tumours identifies novel synergistic drug combinations,10.1038/srep12298,0,70,40,0,0,Gene network modules in regressing tumours used to predict drug combinations. Evolution hit spurious.,networks,,pdf,0,70,30,17,0,,networks?\b; edges?\b; subgraph; subnetwork; densely (inter)?connected; hubs?\b; interaction network,pathways?\b; transcription; (gene )?expression,evolv,
Network constraints on learnability of probabilistic motor sequences,10.1038/s41562-018-0463-8,0,60,0,0,0,Human learning of sequences generated from modular graphs; cognitive science rather than biological modules.,networks,,pdf,0,50,0,0,0,,networks?\b; graphs?\b; community structure; densely (inter)?connected; clustering coefficient,,,
Network medicine framework reveals generic herb-symptom effectiveness of traditional Chinese medicine,10.1126/sciadv.adh0215,0,60,30,0,0,"Network-medicine framework linking herbs, targets and symptoms. Evolution hit spurious.",networks,,pdf,0,50,20,17,0,,networks?\b; nodes?\b; links?\b; interactome; topolog,compos(e|able|ition|ing); translation,development,
Network motifs and their origins,10.1371/journal.pcbi.1006749,0,60,40,60,0,Perspective on whether network motifs arise from selection or from non-adaptive processes: network and evolution raised.,networks,,pdf,0,20,10,50,0,,networks?\b; subgraph,building blocks?,evolution; duplication; selection,
Network Motifs: Simple Building Blocks of Complex Networks,10.1126/science.298.5594.824,0,70,50,0,0,Network motifs as recurring subgraphs that act as elementary functional circuits: network raised.,networks,,abstract,0,30,20,0,0,,networks?\b; nodes?\b; subgraph,circuits?\b; building blocks?,,
Network motifs: theory and experimental approaches,10.1038/nrg2102,0,60,70,0,0,Only the bibliography summary was available. Review of motifs as circuits with characteristic information-processing functions.,functions,,bibliography,0,20,50,0,0,,networks?\b; subgraph,outputs?\b; circuits?\b; building blocks?; transcription; feedback,,
Networked Buffering: A Basic Mechanism for Distributed Robustness in Complex Adaptive Systems,10.1186/1742-4682-7-20,0,30,40,30,0,Networked buffering: versatile agents give distributed robustness. Evolution is discussed conceptually.,functions,,pdf,10,10,40,17,0,traits?\b,networks?\b,outputs?\b; pathways?\b; reactions?\b; feedback,development,
Neural Modularity Helps Organisms Evolve to Learn New Skills without Forgetting Old Skills,10.1371/journal.pcbi.1004128,0,60,30,70,0,Neural networks evolved with connection costs become modular and learn new skills without forgetting: evolution raised.,networks,,pdf,0,20,0,17,0,,networks?\b; subnetwork,,evolv,
Nonlinear delay differential equations and their application to modeling biological network motifs,10.1038/s41467-021-21700-8,0,50,50,0,0,"Delay differential equations for network motifs (feedback, feed-forward) and their dynamics.",networks,,pdf,0,10,10,0,0,,networks?\b,signal(l)?ing,,
Obstructions to Compositionality,10.4204/eptcs.397.14,0,10,30,0,20,"Category theory of obstructions to compositionality; abstract mathematics, peripheral to biology.",networks,,pdf,0,10,10,0,0,,graphs?\b,compos(e|able|ition|ing),,
OnTAD: hierarchical domain structure reveals the divergence of activity among TADs and boundaries,10.1186/s13059-019-1893-y,0,20,30,0,90,Nested TAD hierarchy in chromatin contact maps: hierarchy raised.,functions,,pdf,0,20,30,0,75,,links?\b; topolog,insulat; compos(e|able|ition|ing); (gene )?expression,,hierarch; nested; levels? of (biological )?organi[sz]ation
Ontogenetic changes in the phenotypic integration and modularity of leaf functional traits,10.1111/1365-2435.12971,90,20,10,60,0,"Leaf trait modules (defence, economy) change across plant ontogeny, a developmental trajectory: trait raised.",traits,,abstract,70,10,10,50,0,traits?\b; phenotypic (integration|variation|trait); morpholog; (morphological|phenotypic) integration; covariation; covariance; co-?var(y|ies|ying),intermodule|between-module,(gene )?expression,selection; ontogen; development,
Panorama of ancient metazoan macromolecular complexes,10.1038/nature14877,0,40,50,60,0,Protein complexes conserved across metazoans (evolutionary comparison of functional modules).,functions,,abstract,0,10,20,17,0,,interactome,compos(e|able|ition|ing); protein complex,evolution,
Patterns and mechanisms of diminishing returns from beneficial mutations,10.1101/467944,0,0,40,70,0,Experimental evolution: diminishing-returns epistasis among beneficial mutations in shared pathways.,functions,,pdf,0,0,20,17,0,,,pathways?\b; translation,evolution,
"Phylogenetic conservatism in skulls and evolutionary lability in limbs – morphological evolution across an ancient frog radiation is shaped by diet, locomotion and burrowing",10.1186/s12862-017-0993-0,100,0,0,83,0,Skull vs. limb modules evolve at different rates across a frog radiation. Network hit spurious.,traits,,pdf,100,10,0,83,0,traits?\b; phenotypic (integration|variation|trait); morpholog; morphometric; geometric morphometric; shape (variation|evolution|diversity); (morphological|phenotypic) integration; covariance; co-?var(y|ies|ying); evolutionary rates?; skull; crani; skelet; limbs?\b; anatomical; phylogenetic comparative; taxa\b,links?\b,,evolution; evolv; phylogen; lineages?\b; radiation,
Phylogenomic analysis of gene co‐expression networks reveals the evolution of functional modules,10.1111/tpj.13502,10,60,60,90,0,"Co-expression network modules dated by phylostratigraphy, with duplication and speciation of functional modules (hyper module).",functions,,abstract,10,20,30,67,0,traits?\b,networks?\b; co-?expression network,pathways?\b; compos(e|able|ition|ing); (gene )?expression,evolution; phylogen; speciation; duplication,
Principles of dynamical modularity in biological regulatory networks,10.1038/srep21957,0,50,70,17,0,Dynamical modules of regulatory networks each produce a distinct function (phenotype) and combine into phenotype combinations. Trait hit spurious.,functions,,pdf,20,10,40,17,0,traits?\b; phenotypic (integration|variation|trait),networks?\b,pathways?\b; circuits?\b; (gene )?expression; signal(l)?ing,development,
Rational engineering of synthetic microbial systems: From single cells to consortia,10.1016/j.mib.2018.02.009,0,0,90,0,0,Review of engineered genetic devices from single cells to consortia; evolution hit spurious.,functions,,abstract,0,0,90,17,0,,,inputs?\b; outputs?\b; input[- ]output; (gene|genetic|synthetic) circuits?; circuits?\b; devices?\b; ribosom; transcription; translation,development,
Redesigning metabolism based on orthogonality principles,10.1038/ncomms15188,0,40,70,0,0,Orthogonal metabolic pathways designed to minimise interaction with host metabolism (Functions module with a network analysis).,functions,,pdf,0,10,60,0,0,,networks?\b,inputs?\b; outputs?\b; pathways?\b; metabolic pathway; enzym; reactions?\b,,
Resource Competition Shapes the Response of Genetic Circuits,10.1101/091306,0,0,100,0,0,Reading agreed with the keyword scores; no adjustment.,functions,,abstract,0,0,100,0,0,,,(gene|genetic|synthetic) circuits?; circuits?\b; cassettes?; context[- ]dependen; resource (competition|demand); ribosom; compos(e|able|ition|ing); transcription; translation; (gene )?expression,,
Revealing modular organization in the yeast transcriptional network,10.1038/ng941,0,70,60,0,0,Only the bibliography summary was available. Module networks: transcription modules are condition-specific gene sets under shared regulators.,functions,,bibliography,0,10,30,0,0,,networks?\b,context[- ]dependen; transcription; (gene )?expression,,
Robustness of trait connections across environmental gradients and growth forms,10.1111/geb.12996,80,70,0,20,0,Hyper module: plant traits are nodes of a probabilistic graphical model; trait modules are clusters of directly connected traits.,traits,,abstract,20,20,0,17,0,traits?\b; taxa\b,networks?\b; connectivity,,evolution,
Seeing is Believing: Brain-Inspired Modular Training for Mechanistic Interpretability,10.48550/arxiv.2305.08746,0,50,30,0,0,Only the bibliography summary was available. Brain-inspired modular training of artificial neural networks; not biological.,networks,,bibliography,0,20,0,0,0,,networks?\b; connectivity,,,
Shape variation and modularity of skull and teeth in domesticated horses and wild equids,10.1186/s12983-018-0258-9,100,0,0,67,0,Six cranial modules from geometric morphometrics in domestic and wild equids; domestication is the trajectory.,traits,,pdf,100,20,10,67,0,traits?\b; phenotypic (integration|variation|trait); morpholog; morphometric; geometric morphometric; shape (variation|evolution|diversity); (morphological|phenotypic) integration; covariation; co-?var(y|ies|ying); disparity; skull; crani; mandib; skelet; teeth|dental; anatomical; taxa\b,links?\b; intermodule|between-module,compos(e|able|ition|ing),evolution; selection; development; domestication,
"Sniffers, buzzers, toggles and blinkers: dynamics of regulatory and signaling pathways in the cell",10.1016/s0955-0674(03)00017-6,0,30,80,0,0,Only the bibliography summary was available. Signaling modules classified by their dynamical input/response behaviour: function raised.,functions,,bibliography,0,0,30,0,0,,,pathways?\b; building blocks?; signal(l)?ing,,
Statistical inference of assortative community structures,10.1103/physrevresearch.2.043271,0,80,0,0,0,Bayesian inference of assortative communities in networks: network raised. Not specific to biology.,networks,,abstract,0,40,0,17,0,,networks?\b; nodes?\b; community structure; community detection,,selection,
Structural Brain Network Characteristics Can Differentiate CIS from Early RRMS,10.3389/fnins.2016.00014,0,80,10,0,0,Reading agreed with the keyword scores; no adjustment.,networks,,pdf,0,80,10,0,0,,networks?\b; graphs?\b; community detection; densely (inter)?connected; clustering coefficient; connectome; connectivity; topolog,translation,,
Structured versus Decorated Cospans,10.32408/compositionality-4-3,0,10,30,0,20,"Category theory of open systems (cospans); abstract mathematics, peripheral to biology.",functions,,abstract,0,10,20,0,0,,graphs?\b,circuits?\b; compos(e|able|ition|ing),,
Switch-like Transitions Insulate Network Motifs to Modularize Biological Networks,10.1016/j.cels.2016.06.010,0,40,70,0,0,Switch-like transitions insulate a network motif so it functions independently of context: function raised.,networks,,abstract,0,20,20,0,0,,networks?\b; subnetwork,insulat; feedback,,
Synthetic biology and regulatory networks: where metabolic systems biology meets control engineering,10.1098/rsif.2015.1046,0,10,90,0,25,Reading agreed with the keyword scores; no adjustment.,functions,,abstract,0,10,90,0,25,,networks?\b,inputs?\b; outputs?\b; input[- ]output; pathways?\b; metabolic pathway; circuits?\b; devices?\b; compos(e|able|ition|ing); feedback,,hierarch
Synthetic neuromorphic computing in living cells,10.1038/s41467-022-33288-8,0,40,80,0,25,Reading agreed with the keyword scores; no adjustment.,functions,,pdf,0,40,80,0,25,,networks?\b; nodes?\b; links?\b; connectivity,inputs?\b; outputs?\b; (gene|genetic|synthetic) circuits?; circuits?\b; devices?\b; compos(e|able|ition|ing); controller; feedback,,multi-?layer
The Architecture of Complexity,10.2307/985254,0,20,20,50,90,Simon's classic argument that complex systems are nested hierarchies of subsystems that evolve faster (near-decomposability): hierarchy raised.,functions,,bibliography,0,0,10,33,50,,,compos(e|able|ition|ing),evolution; evolv,hierarch; nested
The Centrosome and the Primary Cilium: The Yin and Yang of a Hybrid Organelle,10.3390/cells8070701,0,0,50,33,25,Centrosome and primary cilium as functional modules built from shared centriole templates.,networks,,abstract,0,20,20,33,25,,networks?\b; interaction network,outputs?\b; signal(l)?ing,evolution; evolv,hierarch
"The context-dependent, combinatorial logic of BMP signaling",10.1101/2020.12.08.416503,0,20,70,0,0,Combinatorial ligand-receptor logic of BMP signaling (input/output). Evolution hit spurious.,functions,,abstract,0,0,70,17,0,,,inputs?\b; outputs?\b; pathways?\b; context[- ]dependen; (gene )?expression; signal(l)?ing; combinatorial,development,
The Coordination of Pathways in Metazoans: An Integrated Framework,10.1007/s13752-025-00498-4,0,30,60,0,40,Only the bibliography summary was available. Coordination of signaling-pathway modules through cross-regulation and hierarchical integration.,functions,,bibliography,0,0,60,0,25,,,inputs?\b; outputs?\b; pathways?\b; context[- ]dependen; compos(e|able|ition|ing); signal(l)?ing,,hierarch
The Dynamics of Conjunctive and Disjunctive Boolean Network Models,10.1007/s11538-010-9501-z,0,60,30,0,25,Only the bibliography summary was available. SCC decomposition of Boolean network wiring diagrams; feedback structure determines dynamics.,networks,,bibliography,0,30,10,0,25,,networks?\b; graphs?\b; wiring diagram,feedback,,hierarch
The EGFR-HER2 module: a stem cell approach to understanding a prime target and driver of solid tumors,10.1038/onc.2015.372,0,20,50,0,0,Only the bibliography summary was available. EGFR-HER2 receptor pair treated as one signaling module that drives tumours.,functions,,bibliography,0,10,20,0,0,,hubs?\b,outputs?\b; signal(l)?ing,,
The Evolutionary Assembly of Neuronal Machinery.,10.1016/j.cub.2020.04.008,0,0,60,90,0,Stepwise evolutionary assembly of functional modules in neuronal machinery: evolution raised.,functions,,abstract,0,0,20,50,0,,,compos(e|able|ition|ing); signal(l)?ing,evolution; phylogen; duplication,
The Evolutionary Origins of Hierarchy,10.1371/journal.pcbi.1004829,0,60,20,80,90,Hierarchical modularity evolves under connection-cost selection: hierarchy and evolution raised.,networks,,pdf,0,10,10,33,50,,networks?\b,compos(e|able|ition|ing),evolution; evolv,hierarch; sub-?modules?
The modular and integrative functional architecture of the human brain,10.1073/pnas.1510619112,0,80,60,0,0,Hyper module: brain-network modules each perform a discrete cognitive function; connector nodes link modules.,networks,,abstract,0,50,10,0,0,,networks?\b; nodes?\b; connector; connectivity; intermodule|between-module,\bload\b,,
The Origins and Evolution of Functional Modules: Lessons from Protein Complexes,10.1098/rstb.2005.1807,0,50,70,90,0,Protein complexes as functional modules that originate by duplication and co-option: evolution raised.,networks,,abstract,0,20,20,50,0,,networks?\b; interaction network,protein complex; transcription,evolution; evolv; duplication,
The Road to Modularity,10.1038/nrg2267,60,30,50,90,50,"Only the bibliography summary was available. Wagner et al. review distinguishing variational (trait), functional and developmental modularity and their evolutionary origin.",traits,,bibliography,40,10,0,50,50,traits?\b; landmarks?; co-?var(y|ies|ying); variational modul,intermodule|between-module,,evolution; evolv; development,hierarch; levels? of (biological )?organi[sz]ation
The Structure and Function of Complex Networks,10.1137/s003614450342480,0,100,10,0,0,The note uses this review as its Networks example.,networks,,pdf,0,100,10,17,0,,networks?\b; nodes?\b; graphs?\b; community structure; community detection; clustering coefficient; degree distribution; scale-free; power-law; small-world,feedback,development,
"The structure, dynamics, and vulnerability of the global food trade network",10.1016/j.jclepro.2023.140439,0,60,0,0,0,Only the bibliography summary was available. Communities in the global food trade network; not biological.,networks,,bibliography,0,30,0,0,0,,networks?\b; community detection; densely (inter)?connected,,,
The topological requirements for robust perfect adaptation in networks of any size,10.1038/s41467-018-04151-6,0,60,60,0,0,Topologies required for robust perfect adaptation (a function) in networks of any size. Evolution hit spurious.,networks,,pdf,0,40,20,33,0,,networks?\b; nodes?\b; subgraph; topolog,signal(l)?ing; feedback,evolution; evolv,
Transcriptional Architecture of Synaptic Communication Delineates GABAergic Neuron Identity,10.1016/j.cell.2017.08.032,40,10,80,0,25,Hyper module: combinations of gene families define neuron types (cells as individuals with traits) and their synaptic input/output. Analogue of the note's LRR example.,functions,,abstract,10,10,80,0,25,anatomical,connectivity,inputs?\b; outputs?\b; input[- ]output; circuits?\b; transcription; (gene )?expression; signal(l)?ing; combinatorial,,multi-?layer
Transition of the functional brain network related to increasing cognitive demands,10.1002/hbm.23621,0,70,30,0,0,Brain network reorganization (segregation vs. integration) under cognitive load: network raised.,networks,,abstract,0,40,10,0,0,,networks?\b; hubs?\b; connector; connectivity,\bload\b,,
Understanding Human-Virus Protein-Protein Interactions Using a Human Protein Complex-Based Analysis Framework,10.1128/msystems.00303-18,0,60,50,0,0,"Human protein complexes targeted by viral proteins, analysed in the interaction network.",networks,,abstract,0,30,20,17,0,,networks?\b; hubs?\b; protein[- ]protein interaction,protein complex; (gene )?expression,evolv,
"Unravelling intravertebral integration, modularity and disparity in Felidae (Mammalia)",10.1111/ede.12218,100,0,0,50,0,Reading agreed with the keyword scores; no adjustment.,traits,,abstract,100,0,0,50,0,traits?\b; morpholog; morphometric; geometric morphometric; (morphological|phenotypic) integration; covariance; co-?var(y|ies|ying); disparity; vertebra; anatomical,,,evolution; selection; development,
"Using biological networks to integrate, visualize and analyze genomics data",10.1186/s12711-016-0205-1,0,60,30,0,25,Review of network approaches to genomics data; pathways shown as networks.,networks,networks+functions,pdf,0,50,50,0,25,,networks?\b; links?\b; hubs?\b; interaction network; topolog,outputs?\b; pathways?\b; transcription; translation; (gene )?expression,,hierarch
Using deep learning to model the hierarchical structure and function of a cell,10.1038/nmeth.4627,0,30,50,0,90,"DCell: neural network embedded in the hierarchy of 2,526 cellular subsystems predicts growth from genotype: hierarchy raised.",networks,,abstract,0,10,10,0,25,,networks?\b,decod,,hierarch
Using RNA as Molecular Code for Programming Cellular Function.,10.1021/acssynbio.5b00297,0,10,100,0,0,"RNA devices (riboswitches, aptamers) as composable regulatory modules; evolution hit spurious.",functions,,abstract,0,10,100,17,0,,links?\b,inputs?\b; outputs?\b; enzym; catalytic; (gene|genetic|synthetic) circuits?; circuits?\b; devices?\b; compos(e|able|ition|ing); transcription; translation,development,
Versatile System Cores as a Conceptual Basis for Generality in Cell and Developmental Biology,10.1016/j.cels.2024.08.001,0,20,70,40,30,Conserved 'system cores' reused in different contexts across cell and developmental biology: function raised.,functions,,abstract,10,0,20,33,0,vertebra,,context[- ]dependen; reusab,evolution; development,
What does modularity mean?,10.1111/ede.12390,60,20,30,60,30,"Conceptual review of what modularity means across genetics, development, morphology and evolution; mostly about trait integration.",traits,,abstract,20,0,0,33,25,traits?\b; morpholog,,,evolution; development,levels? of (biological )?organi[sz]ation
Wheat rhizosphere harbors a less complex and more stable microbial co-occurrence pattern than bulk soil,10.1016/j.soilbio.2018.07.022,20,80,0,0,0,Microbial co-occurrence networks (nodes are taxa); taxa composition gives a small trait component.,networks,,abstract,0,80,0,0,0,,networks?\b; nodes?\b; edges?\b; power-law; co-?occurrence network; connectivity; topolog; keystone,,,
