title,pdf_url,reason
Biomimetic Supramolecular Polymer Networks Exhibiting both Toughness and Self‐Recovery,https://doi.org/10.17863/cam.23699,Not a PDF (Content-Type: text/html; charset=utf-8)
Design Patterns of Biological Cells,https://onlinelibrary.wiley.com/doi/pdfdirect/10.1002/bies.202300188,HTTP 403
Traditional Chinese medicine as a cancer treatment: Modern perspectives of ancient but advanced science,https://onlinelibrary.wiley.com/doi/pdfdirect/10.1002/cam4.2108,HTTP 403
Modular‐level alterations of structure–function coupling in schizophrenia connectome,https://www.ncbi.nlm.nih.gov/pmc/articles/6867028,Not a PDF (Content-Type: text/html; charset=utf-8)
Transition of the functional brain network related to increasing cognitive demands,http://hdl.handle.net/11858/00-001M-0000-002D-88EA-3,Not a PDF (Content-Type: text/html)
Identification of synthetic lethality based on a functional network by using machine learning algorithms,,no URL in csv
Discovering cellular protein-protein interactions: Technological strategies and opportunities.,https://onlinelibrary.wiley.com/doi/pdfdirect/10.1002/mas.21574,HTTP 403
Tumor Immune Microenvironment in Head and Neck Cancers,https://www.ncbi.nlm.nih.gov/pmc/articles/7282929,Not a PDF (Content-Type: text/html; charset=utf-8)
DeepFunc: A Deep Learning Framework for Accurate Prediction of Protein Functions from Protein Sequences and Interactions,,no URL in csv
"The BioGRID database: A comprehensive biomedical resource of curated protein, genetic, and chemical interactions",https://onlinelibrary.wiley.com/doi/pdfdirect/10.1002/pro.3978,HTTP 403
Molecular Networks in Network Medicine: Development and Applications,https://onlinelibrary.wiley.com/doi/pdfdirect/10.1002/wsbm.1489,HTTP 403
Cellular Quiescence in Budding Yeast,https://www.ncbi.nlm.nih.gov/pmc/articles/8208048,Not a PDF (Content-Type: text/html; charset=utf-8)
Quality-Diversity Optimization: a novel branch of stochastic optimization,https://zenodo.org/record/5118752,HTTP 403
Deep Nets: What have They Ever Done for Vision?,,no URL in csv
Grazing intensity induced alternations of soil microbial community composition in aggregates drive soil organic carbon turnover in a desert steppe,,no URL in csv
Interactome-based approaches to human disease,https://doi.org/10.1016/j.coisb.2017.04.015,Not a PDF (Content-Type: text/html;charset=UTF-8)
Controlling cell size through sizer mechanisms,https://doi.org/10.1016/j.coisb.2017.08.010,Not a PDF (Content-Type: text/html;charset=UTF-8)
Host-aware synthetic biology,,no URL in csv
The diversity and co-occurrence network of soil bacterial and fungal communities and their implications for a new indicator of grassland degradation,https://doi.org/10.1016/j.ecolind.2021.107989,Not a PDF (Content-Type: text/html;charset=UTF-8)
Combined use of network inference tools identifies ecologically meaningful bacterial associations in a paddy soil,https://doi.org/10.1016/j.soilbio.2016.11.029,Not a PDF (Content-Type: text/html;charset=UTF-8)
Soil pH correlates with the co-occurrence and assemblage process of diazotrophic communities in rhizosphere and bulk soils of wheat fields,,no URL in csv
Wheat rhizosphere harbors a less complex and more stable microbial co-occurrence pattern than bulk soil,https://hdl.handle.net/1912/10628,Error: Remote end closed connection without response
Pattern recognition of daily activity patterns using human mobility motifs and sequence analysis,,no URL in csv
Interplay between inflammation and cancer.,https://doi.org/10.1016/j.rpor.2020.04.004,Not a PDF (Content-Type: text/html;charset=UTF-8)
Network Medicine in Pathobiology.,http://ajp.amjpathol.org/article/S0002944019300938/pdf,HTTP 403
Antioxidant mechanism of tea polyphenols and its impact on health benefits,https://doi.org/10.1016/j.aninu.2020.01.001,Not a PDF (Content-Type: text/html;charset=UTF-8)
"Targeting ERK, an Achilles' Heel of the MAPK pathway, in cancer therapy",https://doi.org/10.1016/j.apsb.2018.01.008,Not a PDF (Content-Type: text/html;charset=UTF-8)
Cell size homeostasis: Metabolic control of growth and cell division.,https://doi.org/10.1016/j.bbamcr.2018.10.002,Not a PDF (Content-Type: text/html;charset=UTF-8)
Intrinsically disordered proteins in the nucleus of human cells,https://doi.org/10.1016/j.bbrep.2015.03.003,Not a PDF (Content-Type: text/html;charset=UTF-8)
Neurofibromin is an Estrogen Receptor-α Transcriptional Co-repressor in Breast Cancer,http://www.cell.com/article/S1535610820300921/pdf,HTTP 403
Proteogenomic insights into the biology and treatment of HPV-negative head and neck squamous cell carcinoma.,https://www.ncbi.nlm.nih.gov/pmc/articles/7946781,Not a PDF (Content-Type: text/html; charset=utf-8)
Tumor microbiome links cellular programs and immunity in pancreatic cancer,http://www.cell.com/article/S153561082200438X/pdf,HTTP 403
A comprehensive clinically informed map of dependencies in cancer cells and framework for target prioritization.,https://doi.org/10.1016/j.ccell.2023.12.016,Not a PDF (Content-Type: text/html;charset=UTF-8)
Adder and a coarse-grained approach to cell size homeostasis in bacteria,,no URL in csv
Analysis of the Human Endogenous Coregulator Complexome,http://www.cell.com/article/S0092867411005320/pdf,HTTP 403
The BioPlex Network: A Systematic Exploration of the Human Interactome,http://www.cell.com/article/S0092867415007680/pdf,HTTP 403
Suppression of Enhancer Overactivation by a RACK7-Histone Demethylase Complex,http://www.cell.com/article/S0092867416302148/pdf,HTTP 403
Perturb-seq: Dissecting molecular circuits with scalable single cell RNA profiling of pooled genetic screens,http://www.cell.com/article/S0092867416316105/pdf,HTTP 403
Cell Signaling as a Cognitive Process,,no URL in csv
Natively unfolded FG-repeats stabilize the structure of the nuclear pore complex,http://www.cell.com/article/S0092867417311273/pdf,HTTP 403
Precise Editing at DNA Replication Forks Enables Multiplex Genome Engineering in Eukaryotes,http://www.cell.com/article/S0092867417312564/pdf,HTTP 403
Heparan Sulfate Organizes Neuronal Synapses through Neurexin Partnerships,http://www.cell.com/article/S0092867418308584/pdf,HTTP 403
Hair Cell Mechanotransduction Regulates Spontaneous Activity and Spiral Ganglion Subtype Specification in the Auditory System,http://www.cell.com/article/S0092867418309024/pdf,HTTP 403
Global Genetic Networks and the Genotype to Phenotype Relationship,http://www.cell.com/article/S0092867419300960/pdf,HTTP 403
The Chaperonin TRiC/CCT Associates with Prefoldin through a Conserved Electrostatic Interface Essential for Cellular Proteostasis.,http://www.cell.com/article/S0092867419302740/pdf,HTTP 403
Integrated Proteogenomic Characterization of HBV-Related Hepatocellular Carcinoma.,http://www.cell.com/article/S0092867419310037/pdf,HTTP 403
Multimodal Analysis of Cell Types in a Hypothalamic Node Controlling Social Behavior.,https://www.ncbi.nlm.nih.gov/pmc/articles/7534821,Not a PDF (Content-Type: text/html; charset=utf-8)
High-throughput mapping of long-range neuronal projection using in situ sequencing,http://www.cell.com/article/S0092867419310748/pdf,HTTP 403
A Compendium of Genetic Modifiers of Mitochondrial Dysfunction Reveals Intra-Organelle Buffering,http://www.cell.com/article/S0092867419311821/pdf,HTTP 403
Multimodal Analysis of Composition and Spatial Architecture in Human Squamous Cell Carcinoma,http://www.cell.com/article/S0092867420306723/pdf,HTTP 403
A local regulatory T cell feedback circuit maintains immune homeostasis by pruning self-activated T cells,http://www.cell.com/article/S0092867421006589/pdf,HTTP 403
An E3 ligase network engages GCN1 to promote degradation of translation factors on stalled ribosomes,https://doi.org/10.1016/j.cell.2022.12.025,Not a PDF (Content-Type: text/html;charset=UTF-8)
The proteomic landscape of genome-wide genetic perturbations,http://www.cell.com/article/S0092867423003008/pdf,HTTP 403
Proteogenomic characterization of small cell lung cancer identifies biological insights and subtype-specific therapeutic strategies.,,no URL in csv
"A Pooled shRNA Screen Identifies Rbm15, Spen, and Wtap as Factors Required for Xist RNA-Mediated Silencing",http://www.cell.com/article/S2211124715006798/pdf,HTTP 403
ZMYND8 Co-localizes with NuRD on Target Genes and Regulates Poly(ADP-Ribose)-Dependent Recruitment of GATAD2A/NuRD to Sites of DNA Damage.,http://www.cell.com/article/S2211124716312761/pdf,HTTP 403
Multivalent Histone and DNA Engagement by a PHD/BRD/PWWP Triple Reader Cassette Recruits ZMYND8 to K14ac-Rich Chromatin,http://www.cell.com/article/S2211124716315558/pdf,HTTP 403
Genomic Determinants of Protein Abundance Variation in Colorectal Cancer Cells,http://www.cell.com/article/S2211124717311002/pdf,HTTP 403
Transcriptome and DNA Methylome Analysis in a Mouse Model of Diet-Induced Obesity Predicts Increased Risk of Colorectal Cancer,http://www.cell.com/article/S2211124717319083/pdf,HTTP 403
Functional Genomic Screening Reveals Core Modulators of Echinocandin Stress Responses in Candida albicans.,http://www.cell.com/article/S2211124718306430/pdf,HTTP 403
Diversity of Interneurons in the Dorsal Striatum Revealed by Single-Cell RNA Sequencing and PatchSeq,http://www.cell.com/article/S2211124718311562/pdf,HTTP 403
Mafb and c-Maf Have Prenatal Compensatory and Postnatal Antagonistic Roles in Cortical Interneuron Fate and Function,http://www.cell.com/article/S2211124719300403/pdf,HTTP 403
Genetic Single Neuron Anatomy Reveals Fine Granularity of Cortical Axo-Axonic Cells,http://www.cell.com/article/S2211124719302116/pdf,HTTP 403
Landscape of the Plasmodium Interactome Reveals Both Conserved and Species-Specific Functionality,http://www.cell.com/article/S221112471930909X/pdf,HTTP 403
miRNA551b-3p Activates an Oncostatin Signaling Module for the Progression of Triple-Negative Breast Cancer.,https://doi.org/10.1016/j.celrep.2019.11.085,Not a PDF (Content-Type: text/html;charset=UTF-8)
"Tau reduction affects excitatory and inhibitory neurons differently, reduces excitation/inhibition ratios, and counteracts network hypersynchrony",https://doi.org/10.1016/j.celrep.2021.109855,Not a PDF (Content-Type: text/html;charset=UTF-8)
Switch-like Transitions Insulate Network Motifs to Modularize Biological Networks,https://europepmc.org/articles/pmc5001915?pdf=render,HTTP 500
Linear integration of ERK activity predominates over persistence detection in Fra-1 regulation,http://www.cell.com/article/S2405471217304891/pdf,HTTP 403
"Interrogation of Mammalian Protein Complex Structure, Function, and Membership Using Genome-Scale Fitness Screens",http://www.cell.com/article/S240547121830187X/pdf,HTTP 403
Dissecting RAF inhibitor resistance by structure-based modeling reveals ways to overcome oncogenic RAS signaling,http://www.cell.com/article/S2405471218302424/pdf,HTTP 403
Hard Limits and Performance Tradeoffs in a Class of Antithetic Integral Feedback Networks.,http://www.cell.com/article/S2405471219301966/pdf,HTTP 403
Network topologies that can achieve dual function of adaptation and noise attenuation,http://www.cell.com/article/S2405471219302753/pdf,HTTP 403
Keeping the Proportions of Protein Complex Components in Check,http://www.cell.com/article/S2405471220300314/pdf,HTTP 403
Biological feedback control-Respect the loops.,http://www.cell.com/article/S2405471221001599/pdf,HTTP 403
Context-aware synthetic biology by controller design: engineering the mammalian cell,http://www.cell.com/article/S2405471221001976/pdf,HTTP 403
Mapping the multiscale structure of biological systems,http://www.cell.com/article/S2405471221001988/pdf,HTTP 403
"D-SCRIPT translates genome to phenome with sequence-based, structure-aware, genome-scale predictions of protein-protein interactions",http://www.cell.com/article/S2405471221003331/pdf,HTTP 403
Versatile System Cores as a Conceptual Basis for Generality in Cell and Developmental Biology,https://doi.org/10.1016/j.cels.2024.08.001,Not a PDF (Content-Type: text/html;charset=UTF-8)
Comparison of Methods for Differential Co-expression Analysis for Disease Biomarker Prediction,,no URL in csv
A Disinhibitory Circuit Motif and Flexible Information Routing in the Brain,https://www.ncbi.nlm.nih.gov/pmc/articles/6599531,Not a PDF (Content-Type: text/html; charset=utf-8)
Perspectives on defining cell types in the brain,https://www.ncbi.nlm.nih.gov/pmc/articles/6551297,Not a PDF (Content-Type: text/html; charset=utf-8)
Evolution of neuronal identity in the cerebral cortex.,,no URL in csv
Modular Analysis and Design of Biological Circuits,https://hdl.handle.net/1721.1/126455,HTTP 405
Experimental reproducibility limits the correlation between mRNA and protein abundances in tumor proteomic profiles,https://doi.org/10.1016/j.crmeth.2022.100288,Not a PDF (Content-Type: text/html;charset=UTF-8)
Inductive inference of gene regulatory network using supervised and semi-supervised graph neural networks,https://doi.org/10.1016/j.csbj.2020.10.022,HTTP 403
A parallel adder coordinates mycobacterial cell cycle progression and cell size homeostasis in the context of asymmetric growth and organization,http://www.cell.com/article/S0960982217312447/pdf,HTTP 403
Towards a unified Model of SMC Complex Function,http://www.cell.com/article/S0960982218311187/pdf,HTTP 403
Modular Assembly of Polysaccharide-Degrading Marine Microbial Communities.,http://www.cell.com/article/S0960982219303458/pdf,HTTP 403
The Evolutionary Assembly of Neuronal Machinery.,http://www.cell.com/article/S0960982220304887/pdf,HTTP 403
The use of functional and effective connectivity techniques to understand the developing brain,https://doi.org/10.1016/j.dcn.2015.01.011,Not a PDF (Content-Type: text/html;charset=UTF-8)
Evolutionary proteomics uncovers ancient associations of cilia with signaling pathways,http://www.cell.com/article/S1534580717309498/pdf,HTTP 403
Tricalbins Contribute to Cellular Lipid Flux and Form Curved ER-PM Contacts that Are Bridged by Rod-Shaped Structures,https://doi.org/10.1016/j.devcel.2019.09.019,Not a PDF (Content-Type: text/html;charset=UTF-8)
Remediation of organic amendments on soil salinization: Focusing on the relationship between soil salts and microbial communities.,https://doi.org/10.1016/j.ecoenv.2022.113616,Not a PDF (Content-Type: text/html;charset=UTF-8)
Applications of single-cell and bulk RNA sequencing in onco-immunology.,,no URL in csv
Therapeutic role of flavonoids and flavones in cancer prevention: Current trends and future perspectives,https://doi.org/10.1016/j.ejmcr.2021.100010,Not a PDF (Content-Type: text/html;charset=UTF-8)
GLC: A dual-perspective approach for identifying influential nodes in complex networks,https://doi.org/10.1016/j.eswa.2024.126292,Not a PDF (Content-Type: text/html;charset=UTF-8)
Deciphering Brain Complexity Using Single-cell Sequencing,https://doi.org/10.1016/j.gpb.2018.07.007,HTTP 403
"Information fusion as an integrative cross-cutting enabler to achieve robust, explainable, and trustworthy medical artificial intelligence",https://doi.org/10.1016/j.inffus.2021.10.007,Not a PDF (Content-Type: text/html;charset=UTF-8)
A network pharmacology approach to explore the potential targets underlying the effect of sinomenine on rheumatoid arthritis.,https://doi.org/10.1016/j.intimp.2020.106201,Not a PDF (Content-Type: text/html;charset=UTF-8)
Identifying influential nodes in complex networks via Transformer,https://doi.org/10.1016/j.ipm.2024.103775,Not a PDF (Content-Type: text/html;charset=UTF-8)
Synthetic living machines: A new window on life,http://www.cell.com/article/S2589004221004739/pdf,HTTP 403
Bow-tie architectures in biological and artificial neural networks: Implications for network evolution and assay design,https://www.cell.com/article/S2589004223001189/pdf,HTTP 403
"Receptor tyrosine kinases: Characterisation, mechanism of action and therapeutic interests for bone cancers",,no URL in csv
Methods for depicting overlap in overviews of systematic reviews: An introduction to static tabular and graphical displays.,,no URL in csv
Maize root-associated niches determine the response variation in bacterial community assembly and function to phthalate pollution.,,no URL in csv
"Biofilms in plastisphere from freshwater wetlands: Biofilm formation, bacterial community assembly, and biogeochemical cycles.",,no URL in csv
Tools and Principles for Microbial Gene Circuit Engineering.,https://ars.els-cdn.com/content/image/1-s2.0-S0022283615005641-fx1_lrg.jpg,Not a PDF (Content-Type: image/jpeg)
Statistical analysis of proteomics data: A review on feature selection.,,no URL in csv
Organelle crosstalk in the kidney.,http://www.kidney-international.org/article/S0085253819300043/pdf,HTTP 403
Acquisition and Analysis of DIA-Based Proteomic Data: A Comprehensive Survey in 2023,http://www.mcponline.org/article/S1535947624000021/pdf,HTTP 403
Rational engineering of synthetic microbial systems: From single cells to consortia,,no URL in csv
Coactivator-Dependent Oscillation of Chromatin Accessibility Dictates Circadian Gene Amplitude via REV-ERB Loading,http://www.cell.com/article/S1097276515008151/pdf,HTTP 403
Positive Feedback Keeps Duration of Mitosis Temporally Insulated from Upstream Cell-Cycle Events,https://lirias.kuleuven.be/bitstream/123456789/554825/1/Positive%20Feedback%20Keeps%20Duration%20of%20Mitosis%20Temporally%20Insulated%20from%20Upstream%20Cell-Cycle%20Events_MolCell_64_362_2016.pdf,HTTP 404
Tracing information flow from Erk to target gene induction reveals mechanisms of dynamic and combinatorial control,http://www.cell.com/article/S1097276517305348/pdf,HTTP 403
Zc3h13 regulates nuclear RNA m6A methylation and mouse embryonic stem cell self-renewal,http://www.cell.com/article/S1097276518301345/pdf,HTTP 403
SubCellBarCode: Proteome-wide Mapping of Protein Localization and Relocalization.,http://www.cell.com/article/S1097276518310050/pdf,HTTP 403
Structural Basis of an Asymmetric Condensin ATPase Cycle,http://www.cell.com/article/S1097276519302667/pdf,HTTP 403
Sister DNA Entrapment between Juxtaposed Smc Heads and Kleisin of the Cohesin Complex,http://www.cell.com/article/S1097276519303958/pdf,HTTP 403
Kinase Interaction Network Expands Functional and Disease Roles of Human Kinases,http://www.cell.com/article/S1097276520304676/pdf,HTTP 403
Integrator Recruits Protein Phosphatase 2A to Prevent Pause Release and Facilitate Transcription Termination,http://www.cell.com/article/S1097276520305797/pdf,HTTP 403
A walk through the SMC cycle: From catching DNAs to shaping the genome.,,no URL in csv
Multifunctional soft machines based on stimuli-responsive hydrogels: from freestanding hydrogels to smart integrated systems,,no URL in csv
Predicting future learning from baseline network architecture,,no URL in csv
Network-level macroscale structural connectivity predicts propagation of transcranial magnetic stimulation,,no URL in csv
Genetic Dissection of Neural Circuits: A Decade of Progress,http://www.cell.com/article/S0896627318303763/pdf,HTTP 403
Glutamatergic Signaling in the Central Nervous System: Ionotropic and Metabotropic Receptors in Concert,http://www.cell.com/article/S0896627318304161/pdf,HTTP 403
A Modular Organization of LRR Protein-Mediated Synaptic Adhesion Defines Synapse Identity.,https://lirias.kuleuven.be/bitstream/123456789/625739/2/Schroeder_Neuron%202018_deposited%20version.pdf,HTTP 404
Development and functional diversification of cortical interneurons,http://www.cell.com/article/S0896627318308973/pdf,HTTP 403
Sleep Regulation by Neurotensinergic Neurons in a Thalamo-Amygdala Circuit.,http://www.cell.com/article/S0896627319304404/pdf,HTTP 403
Trans-Synaptic Signaling through the Glutamate Receptor Delta-1 Mediates Inhibitory Synapse Formation in Cortical Pyramidal Neurons,http://www.cell.com/article/S0896627319308013/pdf,HTTP 403
A Genetic Model of the Connectome,http://www.cell.com/article/S0896627319309262/pdf,HTTP 403
Tipping the Scales: Peptide-Dependent Dysregulation of Neural Circuit Dynamics in Alzheimer's Disease.,http://www.cell.com/article/S0896627320304347/pdf,HTTP 403
An activity-mediated transition in transcription in early postnatal neurons,http://www.cell.com/article/S0896627320304372/pdf,HTTP 403
Somatotopic organization and intensity dependence in driving distinct NPY-expressing sympathetic pathways by electroacupuncture,http://www.cell.com/article/S0896627320305328/pdf,HTTP 403
Recruitment and inhibitory action of hippocampal axo-axonic cells during behavior,http://www.cell.com/article/S0896627321007066/pdf,HTTP 403
Graph Theoretical Framework of Brain Networks in Multiple Sclerosis: A Review of Concepts.,,no URL in csv
THE FUNCTION AND REGULATION OF ZINC IN THE BRAIN,http://manuscript.elsevier.com/S0306452221000178/pdf/S0306452221000178.pdf,HTTP 403
scTenifoldKnk: An efficient virtual knockout tool for gene function predictions via single-cell gene regulatory network perturbation,,no URL in csv
An update for epilepsy research and antiepileptic drug development: Toward precise circuit therapy.,,no URL in csv
Endothelial stromelysin1 regulation by the forkhead box-O transcription factors is crucial in the exudative phase of acute lung injury,,no URL in csv
"Link prediction techniques, applications, and performance: A survey",,no URL in csv
"Computational network biology: Data, models, and applications",,no URL in csv
Networks beyond pairwise interactions: structure and dynamics,https://www.sciencedirect.com/science/article/pii/S0370157320302489?via%3Dihub,HTTP 403
Graph neural network approaches for drug-target interactions.,,no URL in csv
Key biological processes driving metastatic spread of pancreatic cancer as identified by multi-omics studies.,https://zenodo.org/record/40768,HTTP 403
Feedback regulation in cell signalling: Lessons for cancer therapeutics.,http://hdl.handle.net/10197/9778,HTTP 405
MyD88 Death-Domain Oligomerization Determines Myddosome Architecture: Implications for Toll-like Receptor Signaling,http://www.cell.com/article/S0969212620300034/pdf,HTTP 403
A Dynamical Paradigm for Molecular Cell Biology,,no URL in csv
New Insights into CDK Regulators: Novel Opportunities for Cancer Therapy.,,no URL in csv
Proteome-scale human interactomics,,no URL in csv
"Modularity, Context-Dependence, and Insulation in Engineered Biological Circuits",,no URL in csv
A Network Neuroscience of Human Learning: Potential To Inform Quantitative Theories of Brain and Behavior,,no URL in csv
Hierarchical Functional System Development Supports Executive Function,,no URL in csv
SMC Complexes: Universal DNA Looping Machines with Distinct Regulators.,,no URL in csv
On the molecular mechanisms regulating animal cell size homeostasis,,no URL in csv
"Cortical disinhibitory circuits: cell types, connectivity and function.",,no URL in csv
Lateral Root Formation in Arabidopsis: A Well-Ordered LRexit.,http://www.cell.com/article/S1360138519301621/pdf,HTTP 403
MAPK and PI3K Signaling: at the Crossroads of Neural Crest Development,,no URL in csv
Automated engineering of synthetic metabolic pathways for efficient association to reaction rules.biomanufacturing.,,no URL in csv
A Synthetic Mammalian Therapeutic Gene Circuit for Sensing and Suppressing Inflammation.,http://www.cell.com/article/S152500161645358X/pdf,HTTP 403
Expanding Biosensing Abilities through Computer-Aided Design of Metabolic Pathways.,,no URL in csv
Spatial Organization of Metabolic Enzyme Complexes in Cells,https://europepmc.org/articles/pmc5574030?pdf=render,HTTP 500
Antifungal Drug Resistance: Molecular Mechanisms in Candida albicans and Beyond,,no URL in csv
Characterizing Endogenous Protein Complexes with Biological Mass Spectrometry,https://pubs.acs.org/doi/pdf/10.1021/acs.chemrev.1c00217,HTTP 403
Principles and Applications of Nucleic Acid Strand Displacement Reactions.,,no URL in csv
Age and Sex Effects on Plasma Metabolite Association Networks in Healthy Subjects.,,no URL in csv
Minimizing Context Dependency of Gene Networks Using Artificial Cells.,,no URL in csv
Using RNA as Molecular Code for Programming Cellular Function.,https://doi.org/10.1021/acssynbio.5b00297,HTTP 403
In-Silico Analysis and Implementation of a Multicellular Feedback Control Strategy in a Synthetic Bacterial Consortium.,,no URL in csv
Network-Based Combinatorial CRISPR-Cas9 Screens Identify Synergistic Modules in Human Cells.,,no URL in csv
Real-Time Imaging of Single-Molecule Enzyme Cascade Using a DNA Origami Raft.,,no URL in csv
Probing Single Molecule Binding and Free Energy Profile with Plasmonic Imaging of Nanoparticles.,,no URL in csv
Sociohydrology: Scientific Challenges in Addressing the Sustainable Development Goals,https://onlinelibrary.wiley.com/doi/pdfdirect/10.1029/2018WR023901,HTTP 403
Membrane identity and GTPase cascades regulated by toggle and cut-out switches,https://onlinelibrary.wiley.com/doi/pdfdirect/10.1038/msb.2008.45,HTTP 403
Modular Cell Biology: Retroactivity and Insulation,,no URL in csv
Panorama of ancient metazoan macromolecular complexes,,no URL in csv
Control of mitochondrial function and cell growth by the atypical cadherin Fat1,,no URL in csv
Architecture of the human interactome defines protein communities and disease networks,,no URL in csv
A Load Driver Device for Engineering Modularity in Biological Networks,,no URL in csv
Engineering genetic circuit interactions within and between synthetic minimal cells,,no URL in csv
Identification of cancer cytotoxic modulators of PDE3A by predictive chemogenomics,,no URL in csv
Using deep learning to model the hierarchical structure and function of a cell,,no URL in csv
Biphasic growth dynamics control cell division in Caulobacter crescentus,,no URL in csv
Aberrant maturation and connectivity of prefrontal cortex in schizophrenia – contribution of NMDA receptor development and hypofunction,,no URL in csv
Transcriptional regulatory framework for vascular cambium development in Arabidopsis roots,,no URL in csv
Integrated Multi-omic Framework of the Plant Response to Jasmonic Acid,,no URL in csv
A census of pathway maps in cancer systems biology,,no URL in csv
CRISPR-based genomic tools for the manipulation of genetically intractable microorganisms,,no URL in csv
Genomic Regulation of Transcription and RNA Processing by the Multitasking Integrator Complex,,no URL in csv
Conserved cell types with divergent features in human versus mouse cortex,,no URL in csv
Genome architecture and stability in the S. cerevisiae knockout collection,https://www.repository.cam.ac.uk/handle/1810/295816,Not a PDF (Content-Type: text/html; charset=utf-8)
The structural basis for cohesin-CTCF anchored loops,,no URL in csv
The functional proteome landscape of Escherichia coli,,no URL in csv
Single-cell multiregion dissection of Alzheimer’s disease,,no URL in csv
A genome-wide atlas of co-essential modules assigns function to uncharacterized genes,,no URL in csv
Ribosome stalling during selenoprotein translation exposes a ferroptosis vulnerability,,no URL in csv
An enhanced CRISPR repressor for targeted mammalian gene regulation,,no URL in csv
EPIC: Software Toolkit for Elution Profile-Based Inference of Protein Complexes,,no URL in csv
Circuit and molecular architecture of a ventral hippocampal network,,no URL in csv
Integrating barcoded neuroanatomy with spatial transcriptional profiling enables identification of gene correlates of projections,,no URL in csv
A folded conformation of MukBEF and cohesin,,no URL in csv
Bromodomain biology and drug discovery,,no URL in csv
Cryo-EM structures of holo condensin reveal a subunit flip-flop mechanism,,no URL in csv
Model organism data evolving in support of translational medicine,,no URL in csv
Inhibition of RAF dimers: it takes two to tango,https://portlandpress.com/biochemsoctrans/article-pdf/49/1/237/904999/bst-2020-0485c.pdf,HTTP 403
Systems biology primer: the basic methods and approaches.,,no URL in csv
Complexity and Modularity of Intracellular Networks: A Systematic Approach for Modelling and Simulation,,no URL in csv
Modular organization of cellular networks,https://www.pnas.org/doi/pdf/10.1073/pnas.0237338100,HTTP 403
Spontaneous Evolution of Modularity and Network Motifs,,no URL in csv
Empirical Inference of Circuitry and Plasticity in a Kinase Signaling Network,,no URL in csv
The modular and integrative functional architecture of the human brain,https://www.pnas.org/content/pnas/112/49/E6798.full.pdf,HTTP 403
Dynamic brain network reconfiguration as a potential schizophrenia genetic risk mechanism modulated by NMDA receptor function,https://www.pnas.org/content/pnas/113/44/12568.full.pdf,HTTP 403
Endocytosis as a stabilizing mechanism for tissue homeostasis,https://www.pnas.org/content/pnas/115/8/E1926.full.pdf,HTTP 403
Predicting Perturbation Patterns from the Topology of Biological Networks,https://www.pnas.org/content/pnas/115/27/E6375.full.pdf,HTTP 403
Knowledge infrastructure and safe operating spaces in social–ecological systems,https://www.pnas.org/content/pnas/116/12/5277.full.pdf,HTTP 403
Functional and evolutionary characterization of a secondary metabolite gene cluster in budding yeasts,https://www.pnas.org/content/pnas/115/43/11030.full.pdf,HTTP 403
Cell size control driven by the circadian clock and environment in cyanobacteria,https://www.pnas.org/content/pnas/115/48/E11415.full.pdf,HTTP 403
Multimodal gradients across mouse cortex,https://www.pnas.org/content/pnas/116/10/4689.full.pdf,HTTP 403
Possible cooption of a VEGF-driven tubulogenesis program for biomineralization in echinoderms,https://www.pnas.org/content/pnas/116/25/12353.full.pdf,HTTP 403
Environment-to-phenotype mapping and adaptation strategies in varying environments,,no URL in csv
Redox-dependent gating of VDAC by mitoNEET,https://www.pnas.org/content/pnas/116/40/19924.full.pdf,HTTP 403
Lessons from equilibrium statistical physics regarding the assembly of protein complexes,https://www.pnas.org/content/pnas/117/1/114.full.pdf,HTTP 403
Graded regulation of cellular quiescence depth between proliferation and senescence by a lysosomal dimmer switch,https://www.pnas.org/content/pnas/116/45/22624.full.pdf,HTTP 403
Protein interaction landscapes revealed by advanced in vivo cross-linking–mass spectrometry,,no URL in csv
Identification of EMT signaling cross-talk and gene regulatory networks by single-cell RNA sequencing,,no URL in csv
Genome-scale metabolic network reconstruction of model animals as a platform for translational research,https://doi.org/10.1073/pnas.2102344118,HTTP 403
A genetic mammalian proportional–integral feedback control circuit for robust and precise gene regulation,,no URL in csv
Receptor Level Mechanisms Are Required for Epidermal Growth Factor (EGF)-stimulated Extracellular Signal-regulated Kinase (ERK) Activity Pulses*,http://www.jbc.org/article/S002192582044606X/pdf,HTTP 403
Identification of a multienzyme complex for glucose metabolism in living cells,http://www.jbc.org/article/S0021925820427176/pdf,HTTP 403
Proteome Profiling Outperforms Transcriptome Profiling for Coexpression Based Gene Function Prediction,https://www.mcponline.org/content/mcprot/16/1/121.full.pdf,HTTP 403
Unique Variable Analysis: A Network Psychometrics Method to Detect Local Dependence,,no URL in csv
Human de novo Purine Biosynthesis,,no URL in csv
"Update on BRAF and MEK inhibition for treatment of melanoma in metastatic, unresectable, and adjuvant settings",,no URL in csv
Spatial and temporal signal processing and decision making by MAPK pathways,https://rupress.org/jcb/article-pdf/216/2/317/1403908/jcb_201609124.pdf,HTTP 403
ESCRT-III is required for scissioning new peroxisomes from the endoplasmic reticulum,https://rupress.org/jcb/article-pdf/217/6/2087/1066872/jcb_201706044.pdf,HTTP 403
A quantitative map of human Condensins provides new insights into mitotic chromosome architecture,https://rupress.org/jcb/article-pdf/217/7/2309/1379210/jcb_201801048.pdf,HTTP 403
Thermodynamics of computing with circuits,https://iopscience.iop.org/article/10.1088/1367-2630/ab82b8/pdf,Not a PDF (Content-Type: text/html; charset=UTF-8)
Operating principles of tristable circuits regulating cellular differentiation,,no URL in csv
Redox Systems Biology: Harnessing the Sentinels of the Cysteine Redoxome,https://www.liebertpub.com/doi/pdf/10.1089/ars.2019.7725,HTTP 403
Network analyses in microbiome based on high-throughput multi-omics data,https://academic.oup.com/bib/article-pdf/22/2/1639/36654613/bbaa005.pdf,HTTP 403
Microbes and complex diseases: from experimental results to computational models,https://academic.oup.com/bib/article-pdf/22/6/bbab286/41088086/bbab286.pdf,HTTP 403
NetCoMi: network construction and comparison for microbiome data in R,https://academic.oup.com/bib/article-pdf/22/4/bbaa290/39129182/bbaa290.pdf,HTTP 403
MDA-GCNFTG: identifying miRNA-disease associations based on graph convolutional networks via graph sampling through the feature and topology graph,,no URL in csv
Machine learning for synergistic network pharmacology: a comprehensive overview,,no URL in csv
HimGNN: a novel hierarchical molecular graph representation learning framework for property prediction,https://academic.oup.com/bib/article-pdf/24/5/bbad305/51711324/bbad305.pdf,HTTP 403
Survey of local and global biological network alignment: the need to reconcile the two sides of the same coin,https://academic.oup.com/bib/article-pdf/19/3/472/25603360/bbw132.pdf,HTTP 403
New insights on human essential genes based on integrated analysis and the construction of the HEGIAP web-based platform,https://academic.oup.com/bib/advance-article-pdf/doi/10.1093/bib/bbz072/29163018/bbz072.pdf,HTTP 403
A graph regularized generalized matrix factorization model for predicting links in biomedical bipartite networks,https://academic.oup.com/bioinformatics/article-pdf/36/11/3474/33329309/btaa157.pdf,HTTP 403
Toward heterogeneous information fusion: bipartite graph convolutional networks for in silico drug repurposing,https://academic.oup.com/bioinformatics/article-pdf/36/Supplement_1/i525/33488854/btaa437.pdf,HTTP 403
HiSCF: leveraging higher-order structures for clustering analysis in biological networks,,no URL in csv
Computational Design of Synthetic Gene Circuits with Composable Parts,https://academic.oup.com/bioinformatics/article-pdf/24/17/1903/49049285/bioinformatics_24_17_1903.pdf,HTTP 403
L-GRAAL: Lagrangian graphlet-based network aligner,https://academic.oup.com/bioinformatics/article-pdf/31/13/2182/49034737/bioinformatics_31_13_2182.pdf,HTTP 403
Local versus global biological network alignment,https://academic.oup.com/bioinformatics/article-pdf/32/20/3155/49021192/bioinformatics_32_20_3155.pdf,HTTP 403
SANA: simulated annealing far outperforms many other search algorithms for biological network alignment,,no URL in csv
Predicting multicellular function through multi-layer tissue networks,https://academic.oup.com/bioinformatics/article-pdf/33/14/i190/25157097/btx252.pdf,HTTP 403
HDAC6 is a therapeutic target in mutant GARS-induced Charcot-Marie-Tooth disease,https://academic.oup.com/brain/article-pdf/141/3/673/25046344/awx375.pdf,HTTP 403
Cascading failures in complex networks,https://academic.oup.com/comnet/article-pdf/8/2/cnaa013/33582729/cnaa013.pdf,HTTP 403
The harmonizome: a collection of processed datasets gathered to serve and mine knowledge about genes and proteins,,no URL in csv
Carboxysomes: metabolic modules for CO2 fixation.,https://academic.oup.com/femsle/article-pdf/364/18/fnx176/23929988/fnx176.pdf,HTTP 403
"New data and collaborations at the Saccharomyces Genome Database: updated reference genome, alleles, and the Alliance of Genome Resources",https://academic.oup.com/genetics/article-pdf/220/4/iyab224/44243466/iyab224.pdf,HTTP 403
Bipartite graphs in systems biology and medicine: a survey of methods and applications,https://academic.oup.com/gigascience/article-pdf/7/4/giy014/27504013/giy014.pdf,HTTP 403
"The Biological Hierarchy, Time, and Temporal 'Omics in Evolutionary Biology: A Perspective",https://academic.oup.com/icb/article-pdf/62/6/1872/48448115/icac138.pdf,HTTP 403
What Is Stress? A Systems Perspective.,https://academic.oup.com/icb/article-pdf/58/6/1019/27083911/icy114.pdf,HTTP 403
Trait multi-functionality in plant stress response.,https://academic.oup.com/icb/article-pdf/60/1/98/33549865/icz152.pdf,HTTP 403
NRF2 activates a partial epithelial-mesenchymal transition and is maximally present in a hybrid epithelial/mesenchymal phenotype,https://academic.oup.com/ib/article-pdf/11/6/251/29110079/zyz021.pdf,HTTP 403
Genetic and molecular basis of floral induction in Arabidopsis thaliana,https://academic.oup.com/jxb/article-pdf/71/9/2490/33197496/eraa057.pdf,HTTP 403
Gene regulatory networks controlled by FLOWERING LOCUS C that confer variation in seasonal flowering and life history,https://academic.oup.com/jxb/article-pdf/72/1/4/36180874/eraa216.pdf,HTTP 403
Modular Evolution of the Drosophila Metabolome,https://academic.oup.com/mbe/article-pdf/39/1/msab307/42201897/msab307.pdf,HTTP 403
miRNet 2.0: network-based visual analytics for miRNA functional analysis and systems biology,https://academic.oup.com/nar/article-pdf/48/W1/W244/33433388/gkaa467.pdf,HTTP 403
PaintOmics 4: new tools for the integrative analysis of multi-omics datasets supported by multiple pathway databases,https://academic.oup.com/nar/article-pdf/50/W1/W551/44379470/gkac352.pdf,HTTP 403
WebGestalt 2024: faster gene set analysis and new support for metabolomics and multi-omics,https://academic.oup.com/nar/advance-article-pdf/doi/10.1093/nar/gkae456/57981030/gkae456.pdf,HTTP 403
Dealing with the genetic load in bacterial synthetic biology circuits: convergences with the Ohm's law,https://academic.oup.com/nar/article-pdf/44/1/496/25346193/gkv1280.pdf,HTTP 403
Circular RNAs are long-lived and display only minimal early alterations in response to a growth factor,https://academic.oup.com/nar/article-pdf/44/3/1370/18786459/gkv1367.pdf,HTTP 403
Babelomics 5.0: functional interpretation for new generations of genomic data,https://academic.oup.com/nar/article-pdf/43/W1/W117/7476155/gkv384.pdf,HTTP 403
"INGA: protein function prediction combining interaction networks, domain assignments and sequence similarity",https://academic.oup.com/nar/article-pdf/43/W1/W134/7476434/gkv523.pdf,HTTP 403
Enrichr: a comprehensive gene set enrichment analysis web server 2016 update,https://academic.oup.com/nar/article-pdf/44/W1/W90/18788036/gkw377.pdf,HTTP 403
"The STRING database in 2017: quality-controlled protein–protein association networks, made broadly accessible",https://academic.oup.com/nar/article-pdf/45/D1/D362/8847225/gkw937.pdf,HTTP 403
Protein complex scaffolding predicted as a prevalent function of long non-coding RNAs,https://academic.oup.com/nar/article-pdf/46/2/917/23595321/gkx1169.pdf,HTTP 403
"WebGestalt 2017: a more comprehensive, powerful, flexible and interactive gene set enrichment analysis toolkit",https://academic.oup.com/nar/article-pdf/45/W1/W130/18137438/gkx356.pdf,HTTP 403
Crosstalk between histone modifications indicates that inhibition of arginine methyltransferase CARM1 activity reverses HIV latency,https://academic.oup.com/nar/article-pdf/45/16/9348/23461132/gkx550.pdf,HTTP 403
The MRPP1/MRPP2 complex is a tRNA-maturation platform in human mitochondria,https://academic.oup.com/nar/article-pdf/45/21/12469/22146367/gkx902.pdf,HTTP 403
The BioGRID interaction database: 2019 update,,no URL in csv
"STRING v11: protein–protein association networks with increased coverage, supporting functional discovery in genome-wide experimental datasets",https://academic.oup.com/nar/article-pdf/47/D1/D607/27437323/gky1131.pdf,HTTP 403
Representing the Process of Inflammation as Key Events in Adverse Outcome Pathways.,https://academic.oup.com/toxsci/article-pdf/163/2/346/24935225/kfy047.pdf,HTTP 403
Network morphospace,https://royalsocietypublishing.org/doi/pdf/10.1098/rsif.2014.0881,HTTP 403
Synthetic biology and regulatory networks: where metabolic systems biology meets control engineering,https://royalsocietypublishing.org/doi/pdf/10.1098/rsif.2015.1046,HTTP 403
Control theory meets synthetic biology,https://royalsocietypublishing.org/doi/pdf/10.1098/rsif.2016.0380,HTTP 403
Control and Regulation of Pathways via Negative Feedback,https://royalsocietypublishing.org/doi/pdf/10.1098/rsif.2016.0848,HTTP 403
The Evolutionary Origins of Modularity,https://royalsocietypublishing.org/doi/pdf/10.1098/rspb.2012.2863,HTTP 403
The Origins and Evolution of Functional Modules: Lessons from Protein Complexes,,no URL in csv
Analysis of noise mechanisms in cell size control,http://www.cell.com/article/S0006349517305003/pdf,HTTP 403
Resource Competition Shapes the Response of Genetic Circuits,,no URL in csv
Dual Proteome-scale Networks Reveal Cell-specific Remodeling of the Human Interactome,http://www.cell.com/article/S0092867421004463/pdf,HTTP 403
An integrated transcriptomic and epigenomic atlas of mouse primary motor cortex cell types,https://www.biorxiv.org/content/biorxiv/early/2020/03/05/2020.02.29.970558.full.pdf,HTTP 403
"Evolution of cellular diversity in primary motor cortex of human, marmoset monkey, and mouse",https://www.biorxiv.org/content/biorxiv/early/2020/04/04/2020.03.31.016972.full.pdf,HTTP 403
A synergistic core for human brain evolution and cognition,,no URL in csv
"The context-dependent, combinatorial logic of BMP signaling",,no URL in csv
Astrocyte-neuron interplay is critical for Alzheimer’s disease pathogenesis and is rescued by TRPA1 channel blockade,https://academic.oup.com/brain/article-pdf/145/1/388/43246696/awab281.pdf,HTTP 403
The protein organization of a red blood cell,,no URL in csv
CTCF and R-loops are boundaries of cohesin-mediated DNA looping,http://www.cell.com/article/S1097276523005208/pdf,HTTP 403
Fast and accurate protein function prediction from sequence through pretrained language model and homology-based label diffusion,https://www.biorxiv.org/content/biorxiv/early/2022/12/08/2022.12.05.519119.full.pdf,HTTP 403
Network Statistics of the Whole-Brain Connectome of Drosophila,,no URL in csv
Applications of community detection techniques to brain graphs: Algorithmic considerations and implications for neural function,,no URL in csv
Conserved cell types with divergent features between human and mouse cortex,,no URL in csv
The Aspartic Protease Ddi1 Contributes to DNA-Protein Crosslink Repair in Yeast,http://www.cell.com/article/S1097276519308986/pdf,HTTP 403
Human condensin I and II drive extensive ATP-dependent compaction of nucleosome-bound DNA,http://www.cell.com/article/S1097276520302689/pdf,HTTP 403
Zc3h13/Flacc is required for adenosine methylation by bridging the mRNA-binding factor Rbm15/Spenito to the m6A machinery component Wtap/Fl(2)d,http://genesdev.cshlp.org/content/32/5-6/415.full.pdf,HTTP 403
Cell-type–specific eQTL of primary melanocytes facilitates identification of melanoma susceptibility genes,http://genome.cshlp.org/content/28/11/1621.full.pdf,HTTP 403
Statistical inference of assortative community structures,http://link.aps.org/pdf/10.1103/PhysRevResearch.2.043271,HTTP 403
Transcription Factors FHY3 and FAR1 Regulate Light-Induced CIRCADIAN CLOCK ASSOCIATED1 Gene Expression in Arabidopsis,https://academic.oup.com/plcell/article-pdf/32/5/1464/36086625/plcell_v32_5_1464.pdf,HTTP 403
Identification of network components in presence of unobserved nodes,,no URL in csv
Designing Worm-inspired Neural Networks for Interpretable Robotic Control,,no URL in csv
Conditions for Cell Size Homeostasis: A Stochastic Hybrid System Approach,,no URL in csv
A Topology Potential-Based Method for Identifying Essential Proteins from PPI Networks,,no URL in csv
Global Alignment of Protein-Protein Interaction Networks: A Survey,,no URL in csv
Weighted General Group Lasso for Gene Selection in Cancer Classification,https://riunet.upv.es/bitstreams/6afe17be-617d-4357-ad78-6a08ceb3e959/download,URLError: timed out
Predicting Citation Count of Scientists as a Link Prediction Problem,,no URL in csv
Fast Markov Clustering Algorithm Based on Belief Dynamics,,no URL in csv
Using Centroidal Voronoi Tessellations to Scale Up the Multidimensional Archive of Phenotypic Elites Algorithm,,no URL in csv
Integrating Fuzzy Clustering and Graph Convolution Network to Accurately Identify Clusters From Attributed Graph,,no URL in csv
Explainability in Graph Neural Networks: A Taxonomic Survey,,no URL in csv
Beyond Technical Aspects: How Do Community Smells Influence the Intensity of Code Smells?,http://resolver.tudelft.nl/uuid:426a340b-83a6-480b-bbac-0d711092c704,Not a PDF (Content-Type: text/html; charset=utf-8)
Ontogenetic changes in the phenotypic integration and modularity of leaf functional traits,https://besjournals.onlinelibrary.wiley.com/doi/pdfdirect/10.1111/1365-2435.12971,HTTP 403
Macroecological trends in nestedness and modularity of seed-dispersal networks: human impact matters,,no URL in csv
"Extracellular nicotinamide phosphoribosyltransferase, a new cancer metabokine",https://bpspubs.onlinelibrary.wiley.com/doi/pdfdirect/10.1111/bph.13505,HTTP 403
"Mitigating off‐target effects of small RNAs: conventional approaches, network theory and artificial intelligence",https://onlinelibrary.wiley.com/doi/pdfdirect/10.1111/bph.17302,HTTP 403
"Unravelling intravertebral integration, modularity and disparity in Felidae (Mammalia)",https://onlinelibrary.wiley.com/doi/pdfdirect/10.1111/ede.12218,HTTP 403
What does modularity mean?,,no URL in csv
A new phylogenetic test for comparing multiple high‐dimensional evolutionary rates suggests interplay of evolutionary rates and modularity in lanternfishes (Myctophiformes; Myctophidae),,no URL in csv
"Comparing the strength of modular signal, and evaluating alternative modular hypotheses, using covariance ratio effect sizes with morphometric data",,no URL in csv
"Towards elucidating the stability, dynamics and architecture of the nucleosome remodeling and deacetylase complex by using quantitative interaction proteomics",,no URL in csv
Control of cell death and mitochondrial fission by ERK1/2 MAP kinase signalling,https://febs.onlinelibrary.wiley.com/doi/pdfdirect/10.1111/febs.14122,HTTP 403
Robustness of trait connections across environmental gradients and growth forms,https://onlinelibrary.wiley.com/doi/pdfdirect/10.1111/geb.12996,HTTP 403
Phylogenomic analysis of gene co‐expression networks reveals the evolution of functional modules,https://onlinelibrary.wiley.com/doi/pdfdirect/10.1111/tpj.13502,HTTP 403
Regulation of glycolysis by the hypoxia‐inducible factor (HIF): implications for cellular physiology,https://onlinelibrary.wiley.com/doi/pdfdirect/10.1113/JP280572,HTTP 403
On the Clinical Pharmacology of Reactive Oxygen Species,https://pharmrev.aspetjournals.org/content/pharmrev/72/4/801.full.pdf,HTTP 403
BAP31 regulates mitochondrial function via interaction with Tom40 within ER-mitochondria contact sites,https://advances.sciencemag.org/content/advances/5/6/eaaw1386.full.pdf,HTTP 403
Untangling the roles of TOP2A and TOP2B in transcription and cancer,,no URL in csv
A meta-analysis of Boolean network models reveals design principles of gene regulatory networks,https://www.science.org/doi/pdf/10.1126/sciadv.adj0822?download=true,HTTP 403
Reverse Engineering of Biological Complexity,,no URL in csv
Network Motifs: Simple Building Blocks of Complex Networks,,no URL in csv
A global genetic interaction network maps a wiring diagram of cellular function,,no URL in csv
Architecture of eukaryotic mRNA 3′-end processing machinery,https://science.sciencemag.org/content/sci/358/6366/1056.full.pdf,HTTP 403
Co-regulatory networks of human serum proteins link genetics to disease,https://www.science.org/cms/asset/c4a926a5-eff9-4467-b5b1-b5a943d6b435/pap.pdf,HTTP 403
The exposome and health: where chemistry meets biology,,no URL in csv
The GATOR–Rag GTPase pathway inhibits mTORC1 activation by lysosome-derived amino acids,,no URL in csv
Exploring whole-genome duplicate gene retention with complex genetic interaction analysis,,no URL in csv
Interpretation of Cancer Mutations Using a Multiscale Map of Protein Systems,,no URL in csv
Dense functional and molecular readout of a circuit hub in sensory cortex,,no URL in csv
Molecular and cellular evolution of the primate dorsolateral prefrontal cortex,https://www.ncbi.nlm.nih.gov/pmc/articles/PMC9614553,Not a PDF (Content-Type: text/html; charset=utf-8)
Combinatorial assembly and design of enzymes,https://scholarlypublications.universiteitleiden.nl/access/item%3A3564153/view,Not a PDF (Content-Type: text/html)
The Mammalian MAPK/ERK Pathway Exhibits Properties of a Negative Feedback Amplifier,http://researchrepository.ucd.ie/bitstreams/156bd576-2b42-4504-8ac0-c904a7b89992/download,HTTP 405
Signaling pathway models as biomarkers: Patient-specific simulations of JNK activity predict the survival of neuroblastoma patients,http://hdl.handle.net/10197/7556,HTTP 405
APOE4 disrupts intracellular lipid homeostasis in human iPSC-derived glia,,no URL in csv
Understanding Human-Virus Protein-Protein Interactions Using a Human Protein Complex-Based Analysis Framework,https://msystems.asm.org/content/msys/4/2/e00303-18.full.pdf,HTTP 403
The Local Closure Coefficient: A New Perspective On Network Clustering,,no URL in csv
XGNN: Towards Model-Level Explanations of Graph Neural Networks,https://dl.acm.org/doi/pdf/10.1145/3394486.3403085,HTTP 403
A Survey on Subgraph Counting,,no URL in csv
BRIGHT: A Bridging Algorithm for Network Alignment,,no URL in csv
GraphWorld: Fake Graphs Bring Real Insights for GNNs,,no URL in csv
Signaling to and from the RNA Polymerase III Transcription and Processing Machinery,,no URL in csv
"Modularity: genes, development and evolution.",,no URL in csv
The Causes and Consequences of Genetic Interactions (Epistasis).,,no URL in csv
Interneuron Types as Attractors and Controllers,,no URL in csv
Long-term training modifies the modular structure and organization of walking balance control.,https://www.physiology.org/doi/pdf/10.1152/jn.00758.2015,HTTP 403
Neuronal circuits in barrel cortex for whisker sensory perception.,,no URL in csv
Dendritic Cells and Leishmania Infection: Adding Layers of Complexity to a Complex Disease,http://downloads.hindawi.com/journals/jir/2016/3967436.pdf,HTTP 403
‘Z4’ Complex Member Fusions in NUT Carcinoma: Implications for a Novel Oncogenic Mechanism,https://mcr.aacrjournals.org/content/molcanres/16/12/1826.full.pdf,HTTP 403
"The KRASG12C Inhibitor, MRTX849, Provides Insight Toward Therapeutic Susceptibility of KRAS Mutant Cancers in Mouse Models and Patients",https://cancerdiscovery.aacrjournals.org/content/candisc/10/1/54.full.pdf,HTTP 403
Proteogenomic markers of chemotherapy resistance and response in triple negative breast cancer,https://aacrjournals.org/cancerdiscovery/article-pdf/doi/10.1158/2159-8290.CD-22-0200/3212600/cd-22-0200.pdf,HTTP 403
Immune Cell Gene Signatures for Profiling the Microenvironment of Solid Tumors,https://aacrjournals.org/cancerimmunolres/article-pdf/6/11/1388/2351804/1388.pdf,HTTP 403
The Surprising Creativity of Digital Evolution: A Collection of Anecdotes from the Evolutionary Computation and Artificial Life Research Communities,https://direct.mit.edu/artl/article-pdf/26/2/274/1896071/artl_a_00319.pdf,HTTP 403
Potassium channel gain of function in epilepsy: an unresolved paradox,,no URL in csv
Increased structural white and grey matter network connectivity compensates for functional decline in early multiple sclerosis,,no URL in csv
C2H2-Type Zinc Finger Proteins: Evolutionarily Old and New Partners of the Nuclear Hormone Receptors,https://journals.sagepub.com/doi/pdf/10.1177/1550762918801071,HTTP 403
Colony stimulating factor-1 receptor signaling networks inhibit mouse macrophage inflammatory responses by induction of microRNA-21.,https://ashpublications.org/blood/article-pdf/125/8/e1/1388307/e1.pdf,HTTP 403
Essential control of early B-cell development by Mef2 transcription factors.,https://ashpublications.org/blood/article-pdf/127/5/572/1394780/572.pdf,HTTP 403
Differential immune cell infiltrations between healthy periodontal and chronic periodontitis tissues,,no URL in csv
Resolving noise–control conflict by gene duplication,,no URL in csv
Logic-based modeling of biological networks with Netflux,,no URL in csv
The evolution of hybrid fitness during speciation,,no URL in csv
Integrative Multi-Omics Approaches in Cancer Research: From Biological Networks to Clinical Subtypes,https://www.molcells.org/journal/download_pdf.php?doi=10.14348/molcells.2021.0042,HTTP 403
Longitudinal Changes in the Cerebral Cortex Functional Organization of Healthy Elderly,https://www.jneurosci.org/content/jneuro/39/28/5534.full.pdf,HTTP 403
LIMT is a novel metastasis inhibiting lncRNA suppressed by EGF and downregulated in aggressive breast cancer,https://doi.org/10.15252/emmm.201606198,Not a PDF (Content-Type: text/html; charset=utf-8)
Proteomic analyses reveal distinct chromatin-associated and soluble transcription factor complexes,https://onlinelibrary.wiley.com/doi/pdfdirect/10.15252/msb.20145504,HTTP 403
Frequency modulation of ERK activation dynamics rewires cell fate,https://onlinelibrary.wiley.com/doi/pdfdirect/10.15252/msb.20156458,HTTP 403
A spectrum of modularity in multi‐functional gene circuits,https://onlinelibrary.wiley.com/doi/pdfdirect/10.15252/msb.20167347,HTTP 403
Capturing protein communities by structural proteomics in a thermophilic eukaryote,https://onlinelibrary.wiley.com/doi/pdfdirect/10.15252/msb.20167412,HTTP 403
Complex‐centric proteome profiling by SEC‐SWATH‐MS,https://doi.org/10.15252/msb.20188438,Not a PDF (Content-Type: text/html; charset=utf-8)
Mass spectrometry‐based protein–protein interaction networks for the study of human diseases,https://escholarship.org/uc/item/5307x9v4,Not a PDF (Content-Type: text/html; charset=UTF-8)
Learning causal networks using inducible transcription factors and transcriptome‐wide time series,,no URL in csv
Programming Escherichia coli to function as a digital display,https://onlinelibrary.wiley.com/doi/pdfdirect/10.15252/msb.20199401,HTTP 403
DOMINO: a network‐based active module identification algorithm with reduced rate of false calls,https://onlinelibrary.wiley.com/doi/pdfdirect/10.15252/msb.20209593,HTTP 403
Protein complexes in cells by AI‐assisted structural proteomics,https://onlinelibrary.wiley.com/doi/pdfdirect/10.15252/msb.202311544,HTTP 403
Genome Assembly Improvement and Mapping Convergently Evolved Skeletal Traits in Sticklebacks with Genotyping-by-Sequencing,https://academic.oup.com/g3journal/article-pdf/5/7/1463/37194104/g3journal1463.pdf,HTTP 403
Genome-Wide Analysis of lncRNA and mRNA Expression During Differentiation of Abdominal Preadipocytes in the Chicken,https://www.g3journal.org/content/ggg/7/3/953.full.pdf,"URLError: [SSL: CERTIFICATE_VERIFY_FAILED] certificate verify failed: Hostname mismatch, certificate is not valid for 'www.g3journal.org'. (_ssl.c:1006)"
"Cortical Folding of the Primate Brain: An Interdisciplinary Examination of the Genetic Architecture, Modularity, and Evolvability of a Significant Neurological Trait in Pedigreed Baboons (Genus Papio)",https://www.genetics.org/content/genetics/200/2/651.full.pdf,HTTP 403
Network analysis of mineralogical systems,https://pubs.geoscienceworld.org/ammin/article-pdf/102/8/1588/2639243/am-2017-6104CCBYNCND.pdf,HTTP 403
An atlas of protein-protein interactions across mouse tissues.,,no URL in csv
Genome-wide Analyses Identify KIF5A as a Novel ALS Gene,http://www.cell.com/article/S089662731830148X/pdf,HTTP 403
Structured versus Decorated Cospans,https://compositionality-journal.org/papers/compositionality-4-3/pdf/,"URLError: [SSL: CERTIFICATE_VERIFY_FAILED] certificate verify failed: Hostname mismatch, certificate is not valid for 'compositionality-journal.org'. (_ssl.c:1006)"
The Impact of Pathway Database Choice on Statistical Enrichment Analysis and Predictive Modeling,,no URL in csv
Immunosuppressive Traits of the Hybrid Epithelial/Mesenchymal Phenotype,,no URL in csv
Childhood Trauma and Functional Connectivity between Amygdala and Medial Prefrontal Cortex: A Dynamic Functional Connectivity and Large-Scale Network Perspective,,no URL in csv
Identification of Hub Genes and Key Pathways Associated With Bipolar Disorder Based on Weighted Gene Co-expression Network Analysis,,no URL in csv
Identification of Lipocalin 2 as a Ferroptosis-Related Key Gene Associated with Hypoxic-Ischemic Brain Damage via STAT3/NF-κB Signaling Pathway,https://www.mdpi.com/2076-3921/12/1/186/pdf?version=1673526892,HTTP 403
"Ornithine Aminotransferase, an Important Glutamate-Metabolizing Enzyme at the Crossroads of Multiple Metabolic Pathways",https://www.mdpi.com/2079-7737/6/1/18/pdf?version=1488875240,HTTP 403
"EGFR in Cancer: Signaling Mechanisms, Drugs, and Acquired Resistance",https://www.mdpi.com/2072-6694/13/11/2748/pdf?version=1622599136,HTTP 403
The Predictive and Prognostic Role of RAS–RAF–MEK–ERK Pathway Alterations in Breast Cancer: Revision of the Literature and Comparison with the Analysis of Cancer Genomic Datasets,https://www.mdpi.com/2072-6694/14/21/5306/pdf?version=1667900556,HTTP 403
Astrocytes in Alzheimer’s Disease: Pathological Significance and Molecular Pathways,https://www.mdpi.com/2073-4409/10/3/540/pdf?version=1615378939,HTTP 403
Metabolomics in Diabetes and Diabetic Complications: Insights from Epidemiological Studies,https://www.mdpi.com/2073-4409/10/11/2832/pdf?version=1634823481,HTTP 403
The Centrosome and the Primary Cilium: The Yin and Yang of a Hybrid Organelle,https://www.mdpi.com/2073-4409/8/7/701/pdf?version=1562923091,HTTP 403
Clinical Metabolomics: The New Metabolic Window for Inborn Errors of Metabolism Investigations in the Post-Genomic Era,https://www.mdpi.com/1422-0067/17/7/1167/pdf?version=1469012201,HTTP 403
"ZO-2 Is a Master Regulator of Gene Expression, Cell Proliferation, Cytoarchitecture, and Cell Size",https://www.mdpi.com/1422-0067/20/17/4128/pdf?version=1566627955,HTTP 403
A Double Negative Feedback Loop between mTORC1 and AMPK Kinases Guarantees Precise Autophagy Induction upon Cellular Stress,https://www.mdpi.com/1422-0067/20/22/5543/pdf?version=1573101292,HTTP 403
Targeting MAPK Signaling in Cancer: Mechanisms of Drug Resistance and Sensitivity,https://www.mdpi.com/1422-0067/21/3/1102/pdf?version=1581350512,HTTP 403
A Retrospective on eIF2A—and Not the Alpha Subunit of eIF2,https://www.mdpi.com/1422-0067/21/6/2054/pdf?version=1584445982,HTTP 403
Glutamate and GABA in Microglia-Neuron Cross-Talk in Alzheimer’s Disease,https://www.mdpi.com/1422-0067/22/21/11677/pdf?version=1635684910,HTTP 403
From Traditional Ethnopharmacology to Modern Natural Drug Discovery: A Methodology Discussion and Specific Examples,https://www.mdpi.com/1420-3049/27/13/4060/pdf?version=1656057713,HTTP 403
"A comprehensive analysis of coregulator recruitment, androgen receptor function and gene expression in prostate cancer",,no URL in csv
Rab5 and Alsin regulate stress-activated cytoprotective signaling on mitochondria,,no URL in csv
Structural basis for Scc3-dependent cohesin recruitment to chromatin,,no URL in csv
Vasoactive intestinal peptide-expressing interneurons are impaired in a mouse model of Dravet syndrome,,no URL in csv
A conserved and regulated mechanism drives endosomal Rab transition,,no URL in csv
A transcriptomic taxonomy of Drosophila circadian neurons around the clock,,no URL in csv
Akt phosphorylates insulin receptor substrate to limit PI3K-mediated PIP3 synthesis,,no URL in csv
Identifying communities from multiplex biological networks,https://peerj.com/articles/1525.pdf,HTTP 403
Parcellating connectivity in spatial maps,,no URL in csv
Modularity of biological systems: a link,,no URL in csv
